site,plot_id,plot,genet_id,size,timepoint,change,status
Outlet,OT1,OT_5,0,19.48,spring_2022,NA,NA
Outlet,OT1,OT_5,10,55.85,spring_2022,NA,NA
Outlet,OT1,OT_5,12,32.29,spring_2022,NA,NA
Outlet,OT1,OT_5,13,18.02,spring_2022,NA,NA
Outlet,OT1,OT_5,14,22.33,spring_2022,NA,NA
Outlet,OT1,OT_5,18,90.12,spring_2022,NA,NA
Outlet,OT1,OT_5,23,83.32,spring_2022,NA,NA
Outlet,OT1,OT_5,25,51.25,spring_2022,NA,NA
Outlet,OT1,OT_5,26,43.43,spring_2022,NA,NA
Outlet,OT1,OT_5,28,65.3,spring_2022,NA,NA
Outlet,OT1,OT_5,29,44.99,spring_2022,NA,NA
Outlet,OT1,OT_5,32,28.64,spring_2022,NA,NA
Outlet,OT1,OT_5,33,81.32,spring_2022,NA,NA
Outlet,OT1,OT_5,34,58.15,spring_2022,NA,NA
Outlet,OT1,OT_5,52,15.14,spring_2022,NA,NA
Outlet,OT1,OT_5,54,77.2,spring_2022,NA,NA
Outlet,OT1,OT_5,55,69.35,spring_2022,NA,NA
Outlet,OT1,OT_5,57,62.62,spring_2022,NA,NA
Outlet,OT1,OT_5,58,43.17,spring_2022,NA,NA
Outlet,OT1,OT_5,59,51.09,spring_2022,NA,NA
Outlet,OT1,OT_5,61,65.49,spring_2022,NA,NA
Outlet,OT1,OT_5,62,198.95,spring_2022,NA,NA
Outlet,OT1,OT_5,69,46.02,spring_2022,NA,NA
Outlet,OT1,OT_5,70,56.56,spring_2022,NA,NA
Outlet,OT1,OT_5,71,11.44,spring_2022,NA,NA
Outlet,OT1,OT_5,73,7.9,spring_2022,NA,NA
Outlet,OT1,OT_5,74,17.56,spring_2022,NA,NA
Outlet,OT1,OT_5,16,198.36,spring_2022,NA,NA
Outlet,OT1,OT_5,24,113.55,spring_2022,NA,NA
Outlet,OT1,OT_5,27,104.38,spring_2022,NA,NA
Outlet,OT1,OT_5,43,160.24,spring_2022,NA,NA
Outlet,OT1,OT_5,51,116.1,spring_2022,NA,NA
Outlet,OT1,OT_5,53,103.78,spring_2022,NA,NA
Outlet,OT1,OT_5,1,40.37,spring_2022,NA,NA
Outlet,OT1,OT_5,11,17.97,spring_2022,NA,NA
Outlet,OT1,OT_5,17,10.55,spring_2022,NA,NA
Outlet,OT1,OT_5,30,61.71,spring_2022,NA,NA
Outlet,OT1,OT_5,31,149.42,spring_2022,NA,NA
Outlet,OT1,OT_5,60,42.76,spring_2022,NA,NA
Outlet,OT1,OT_5,63,68.79,spring_2022,NA,NA
Outlet,OT1,OT_5,64,22.47,spring_2022,NA,NA
Outlet,OT1,OT_5,72,77.97,spring_2022,NA,NA
Outlet,OT2,OT_4,1,22.1,spring_2022,NA,NA
Outlet,OT2,OT_4,4,18.15,spring_2022,NA,NA
Outlet,OT2,OT_4,7,70.01,spring_2022,NA,NA
Outlet,OT2,OT_4,8,97.1,spring_2022,NA,NA
Outlet,OT2,OT_4,9,22.44,spring_2022,NA,NA
Outlet,OT2,OT_4,11,37.14,spring_2022,NA,NA
Outlet,OT2,OT_4,13,34.73,spring_2022,NA,NA
Outlet,OT2,OT_4,15,8.83,spring_2022,NA,NA
Outlet,OT2,OT_4,16,15.19,spring_2022,NA,NA
Outlet,OT2,OT_4,18,103.17,spring_2022,NA,NA
Outlet,OT2,OT_4,19,153.17,spring_2022,NA,NA
Outlet,OT2,OT_4,20,33.43,spring_2022,NA,NA
Outlet,OT2,OT_4,27,41.2,spring_2022,NA,NA
Outlet,OT2,OT_4,28,17.48,spring_2022,NA,NA
Outlet,OT2,OT_4,29,69.03,spring_2022,NA,NA
Outlet,OT2,OT_4,31,167.79,spring_2022,NA,NA
Outlet,OT2,OT_4,32,50.1,spring_2022,NA,NA
Outlet,OT2,OT_4,35,13.57,spring_2022,NA,NA
Outlet,OT2,OT_4,36,20.85,spring_2022,NA,NA
Outlet,OT2,OT_4,38,74.34,spring_2022,NA,NA
Outlet,OT2,OT_4,39,51.4,spring_2022,NA,NA
Outlet,OT2,OT_4,41,89.24,spring_2022,NA,NA
Outlet,OT2,OT_4,42,73.25,spring_2022,NA,NA
Outlet,OT2,OT_4,45,28.26,spring_2022,NA,NA
Outlet,OT2,OT_4,46,14.85,spring_2022,NA,NA
Outlet,OT2,OT_4,47,18.62,spring_2022,NA,NA
Outlet,OT2,OT_4,48,25.21,spring_2022,NA,NA
Outlet,OT2,OT_4,50,17.46,spring_2022,NA,NA
Outlet,OT2,OT_4,52,81.97,spring_2022,NA,NA
Outlet,OT2,OT_4,56,187.52,spring_2022,NA,NA
Outlet,OT2,OT_4,57,47.72,spring_2022,NA,NA
Outlet,OT2,OT_4,60,11.05,spring_2022,NA,NA
Outlet,OT2,OT_4,62,31.6,spring_2022,NA,NA
Outlet,OT2,OT_4,64,83.24,spring_2022,NA,NA
Outlet,OT2,OT_4,66,135.03,spring_2022,NA,NA
Outlet,OT2,OT_4,67,65.33,spring_2022,NA,NA
Outlet,OT2,OT_4,68,13.91,spring_2022,NA,NA
Outlet,OT2,OT_4,69,39.22,spring_2022,NA,NA
Outlet,OT2,OT_4,71,8.64,spring_2022,NA,NA
Outlet,OT2,OT_4,72,6.85,spring_2022,NA,NA
Outlet,OT2,OT_4,74,171.24,spring_2022,NA,NA
Outlet,OT2,OT_4,75,6.62,spring_2022,NA,NA
Outlet,OT2,OT_4,78,73.77,spring_2022,NA,NA
Outlet,OT2,OT_4,79,45.35,spring_2022,NA,NA
Outlet,OT2,OT_4,81,53.64,spring_2022,NA,NA
Outlet,OT2,OT_4,82,28.53,spring_2022,NA,NA
Outlet,OT2,OT_4,86,60.95,spring_2022,NA,NA
Outlet,OT2,OT_4,87,33.73,spring_2022,NA,NA
Outlet,OT2,OT_4,89,60.88,spring_2022,NA,NA
Outlet,OT2,OT_4,94,38.46,spring_2022,NA,NA
Outlet,OT2,OT_4,95,128.1,spring_2022,NA,NA
Outlet,OT2,OT_4,96,23.55,spring_2022,NA,NA
Outlet,OT2,OT_4,98,63.15,spring_2022,NA,NA
Outlet,OT2,OT_4,102,99.29,spring_2022,NA,NA
Outlet,OT2,OT_4,103,34.82,spring_2022,NA,NA
Outlet,OT2,OT_4,104,25.56,spring_2022,NA,NA
Outlet,OT2,OT_4,106,34.58,spring_2022,NA,NA
Outlet,OT2,OT_4,107,57.23,spring_2022,NA,NA
Outlet,OT2,OT_4,109,61.73,spring_2022,NA,NA
Outlet,OT2,OT_4,110,99.94,spring_2022,NA,NA
Outlet,OT2,OT_4,111,94.5,spring_2022,NA,NA
Outlet,OT2,OT_4,112,53.57,spring_2022,NA,NA
Outlet,OT2,OT_4,113,53.51,spring_2022,NA,NA
Outlet,OT2,OT_4,115,15.35,spring_2022,NA,NA
Outlet,OT2,OT_4,117,61.42,spring_2022,NA,NA
Outlet,OT2,OT_4,118,66.72,spring_2022,NA,NA
Outlet,OT2,OT_4,119,19.79,spring_2022,NA,NA
Outlet,OT2,OT_4,120,71.71,spring_2022,NA,NA
Outlet,OT2,OT_4,125,91.13,spring_2022,NA,NA
Outlet,OT2,OT_4,128,97.09,spring_2022,NA,NA
Outlet,OT2,OT_4,129,167.87,spring_2022,NA,NA
Outlet,OT2,OT_4,130,17.9,spring_2022,NA,NA
Outlet,OT2,OT_4,131,31.52,spring_2022,NA,NA
Outlet,OT2,OT_4,137,19.78,spring_2022,NA,NA
Outlet,OT2,OT_4,139,70.59,spring_2022,NA,NA
Outlet,OT2,OT_4,140,136.39,spring_2022,NA,NA
Outlet,OT2,OT_4,142,58.59,spring_2022,NA,NA
Outlet,OT2,OT_4,146,104.57,spring_2022,NA,NA
Outlet,OT2,OT_4,147,74.12,spring_2022,NA,NA
Outlet,OT2,OT_4,151,38.65,spring_2022,NA,NA
Outlet,OT2,OT_4,152,33.82,spring_2022,NA,NA
Outlet,OT2,OT_4,153,45.94,spring_2022,NA,NA
Outlet,OT2,OT_4,154,31.17,spring_2022,NA,NA
Outlet,OT2,OT_4,157,22.1,spring_2022,NA,NA
Outlet,OT2,OT_4,161,35.07,spring_2022,NA,NA
Outlet,OT2,OT_4,162,13.29,spring_2022,NA,NA
Outlet,OT2,OT_4,163,40.49,spring_2022,NA,NA
Outlet,OT2,OT_4,164,125.13,spring_2022,NA,NA
Outlet,OT2,OT_4,165,181.73,spring_2022,NA,NA
Outlet,OT2,OT_4,166,299.3,spring_2022,NA,NA
Outlet,OT2,OT_4,167,146.98,spring_2022,NA,NA
Outlet,OT2,OT_4,168,77.15,spring_2022,NA,NA
Outlet,OT2,OT_4,170,58.28,spring_2022,NA,NA
Outlet,OT2,OT_4,172,46.63,spring_2022,NA,NA
Outlet,OT2,OT_4,173,26.22,spring_2022,NA,NA
Outlet,OT2,OT_4,174,6.62,spring_2022,NA,NA
Outlet,OT2,OT_4,175,6.85,spring_2022,NA,NA
Outlet,OT2,OT_4,177,73.12,spring_2022,NA,NA
Outlet,OT2,OT_4,181,192.55,spring_2022,NA,NA
Outlet,OT2,OT_4,183,95.19,spring_2022,NA,NA
Outlet,OT2,OT_4,185,109.96,spring_2022,NA,NA
Outlet,OT2,OT_4,186,58,spring_2022,NA,NA
Outlet,OT2,OT_4,187,62.54,spring_2022,NA,NA
Outlet,OT2,OT_4,189,7.72,spring_2022,NA,NA
Outlet,OT2,OT_4,191,101.13,spring_2022,NA,NA
Outlet,OT2,OT_4,193,66.6,spring_2022,NA,NA
Outlet,OT2,OT_4,194,113.41,spring_2022,NA,NA
Outlet,OT2,OT_4,195,75.05,spring_2022,NA,NA
Outlet,OT2,OT_4,196,30.01,spring_2022,NA,NA
Outlet,OT2,OT_4,197,56.87,spring_2022,NA,NA
Outlet,OT2,OT_4,199,100.05,spring_2022,NA,NA
Outlet,OT2,OT_4,202,18.19,spring_2022,NA,NA
Outlet,OT2,OT_4,204,15.15,spring_2022,NA,NA
Outlet,OT2,OT_4,205,42.63,spring_2022,NA,NA
Outlet,OT2,OT_4,206,109.55,spring_2022,NA,NA
Outlet,OT2,OT_4,207,17.87,spring_2022,NA,NA
Outlet,OT2,OT_4,209,43.73,spring_2022,NA,NA
Outlet,OT2,OT_4,211,17.88,spring_2022,NA,NA
Outlet,OT2,OT_4,212,21.49,spring_2022,NA,NA
Outlet,OT2,OT_4,213,88.04,spring_2022,NA,NA
Outlet,OT2,OT_4,214,23.2,spring_2022,NA,NA
Outlet,OT2,OT_4,216,10.23,spring_2022,NA,NA
Outlet,OT2,OT_4,0,154.79,spring_2022,NA,NA
Outlet,OT2,OT_4,0,154.79,spring_2022,NA,NA
Outlet,OT2,OT_4,169,365.72,spring_2022,NA,NA
Outlet,OT2,OT_4,169,365.72,spring_2022,NA,NA
Outlet,OT2,OT_4,215,3.57,spring_2022,NA,NA
Outlet,OT2,OT_4,215,3.57,spring_2022,NA,NA
Outlet,OT2,OT_4,215,3.57,spring_2022,NA,NA
Outlet,OT2,OT_4,2,83.64,spring_2022,NA,NA
Outlet,OT2,OT_4,37,97.24,spring_2022,NA,NA
Outlet,OT2,OT_4,44,40.24,spring_2022,NA,NA
Outlet,OT2,OT_4,49,120.36,spring_2022,NA,NA
Outlet,OT2,OT_4,70,63.9,spring_2022,NA,NA
Outlet,OT2,OT_4,76,90.46,spring_2022,NA,NA
Outlet,OT2,OT_4,90,85.83,spring_2022,NA,NA
Outlet,OT2,OT_4,97,145.01,spring_2022,NA,NA
Outlet,OT2,OT_4,134,174.25,spring_2022,NA,NA
Outlet,OT2,OT_4,143,23.43,spring_2022,NA,NA
Outlet,OT2,OT_4,144,57.46,spring_2022,NA,NA
Outlet,OT2,OT_4,148,71.57,spring_2022,NA,NA
Outlet,OT2,OT_4,149,96.56,spring_2022,NA,NA
Outlet,OT2,OT_4,150,10.44,spring_2022,NA,NA
Outlet,OT2,OT_4,159,125.13,spring_2022,NA,NA
Outlet,OT2,OT_4,171,76.94,spring_2022,NA,NA
Outlet,OT2,OT_4,190,58.64,spring_2022,NA,NA
Outlet,OT2,OT_4,201,60.58,spring_2022,NA,NA
Outlet,OT2,OT_4,208,50.53,spring_2022,NA,NA
Outlet,OT2,OT_4,210,82.1,spring_2022,NA,NA
Outlet,OT2,OT_4,5,36.1,spring_2022,NA,NA
Outlet,OT2,OT_4,10,60.19,spring_2022,NA,NA
Outlet,OT2,OT_4,23,19.25,spring_2022,NA,NA
Outlet,OT2,OT_4,26,46.93,spring_2022,NA,NA
Outlet,OT2,OT_4,43,44.97,spring_2022,NA,NA
Outlet,OT2,OT_4,58,143.48,spring_2022,NA,NA
Outlet,OT2,OT_4,59,63.54,spring_2022,NA,NA
Outlet,OT2,OT_4,63,236.45,spring_2022,NA,NA
Outlet,OT2,OT_4,63,236.45,spring_2022,NA,NA
Outlet,OT2,OT_4,80,100.39,spring_2022,NA,NA
Outlet,OT2,OT_4,85,185.75,spring_2022,NA,NA
Outlet,OT2,OT_4,88,50.37,spring_2022,NA,NA
Outlet,OT2,OT_4,93,85.49,spring_2022,NA,NA
Outlet,OT2,OT_4,105,58.79,spring_2022,NA,NA
Outlet,OT2,OT_4,108,47.2,spring_2022,NA,NA
Outlet,OT2,OT_4,116,80.69,spring_2022,NA,NA
Outlet,OT2,OT_4,122,71.58,spring_2022,NA,NA
Outlet,OT2,OT_4,124,147.86,spring_2022,NA,NA
Outlet,OT2,OT_4,126,58.63,spring_2022,NA,NA
Outlet,OT2,OT_4,127,31.14,spring_2022,NA,NA
Outlet,OT2,OT_4,136,49.9,spring_2022,NA,NA
Outlet,OT2,OT_4,138,138.38,spring_2022,NA,NA
Outlet,OT2,OT_4,141,135.08,spring_2022,NA,NA
Outlet,OT2,OT_4,145,82.18,spring_2022,NA,NA
Outlet,OT2,OT_4,158,106.25,spring_2022,NA,NA
Outlet,OT2,OT_4,176,111.37,spring_2022,NA,NA
Outlet,OT2,OT_4,178,60.34,spring_2022,NA,NA
Outlet,OT2,OT_4,179,74.84,spring_2022,NA,NA
Outlet,OT2,OT_4,192,49.61,spring_2022,NA,NA
Outlet,OT2,OT_4,198,70.33,spring_2022,NA,NA
Outlet,OT2,OT_4,200,51.02,spring_2022,NA,NA
Outlet,OT2,OT_4,203,71.84,spring_2022,NA,NA
Outlet,OT3,OT_3,1,50.28,spring_2022,NA,NA
Outlet,OT3,OT_3,6,12.83,spring_2022,NA,NA
Outlet,OT3,OT_3,8,70.9,spring_2022,NA,NA
Outlet,OT3,OT_3,11,4.38,spring_2022,NA,NA
Outlet,OT3,OT_3,12,8.96,spring_2022,NA,NA
Outlet,OT3,OT_3,14,21.04,spring_2022,NA,NA
Outlet,OT3,OT_3,15,8.44,spring_2022,NA,NA
Outlet,OT3,OT_3,16,24.36,spring_2022,NA,NA
Outlet,OT3,OT_3,17,44.67,spring_2022,NA,NA
Outlet,OT3,OT_3,18,46.21,spring_2022,NA,NA
Outlet,OT3,OT_3,19,9,spring_2022,NA,NA
Outlet,OT3,OT_3,20,3.41,spring_2022,NA,NA
Outlet,OT3,OT_3,21,12.21,spring_2022,NA,NA
Outlet,OT3,OT_3,22,55.39,spring_2022,NA,NA
Outlet,OT3,OT_3,27,55.22,spring_2022,NA,NA
Outlet,OT3,OT_3,32,12.9,spring_2022,NA,NA
Outlet,OT3,OT_3,35,68.69,spring_2022,NA,NA
Outlet,OT3,OT_3,38,64.98,spring_2022,NA,NA
Outlet,OT3,OT_3,41,74.87,spring_2022,NA,NA
Outlet,OT3,OT_3,42,16.87,spring_2022,NA,NA
Outlet,OT3,OT_3,43,55.42,spring_2022,NA,NA
Outlet,OT3,OT_3,45,78.78,spring_2022,NA,NA
Outlet,OT3,OT_3,46,35.51,spring_2022,NA,NA
Outlet,OT3,OT_3,47,72.54,spring_2022,NA,NA
Outlet,OT3,OT_3,48,26.53,spring_2022,NA,NA
Outlet,OT3,OT_3,49,20.1,spring_2022,NA,NA
Outlet,OT3,OT_3,50,79.53,spring_2022,NA,NA
Outlet,OT3,OT_3,51,115.99,spring_2022,NA,NA
Outlet,OT3,OT_3,54,35.08,spring_2022,NA,NA
Outlet,OT3,OT_3,55,11.75,spring_2022,NA,NA
Outlet,OT3,OT_3,56,28.81,spring_2022,NA,NA
Outlet,OT3,OT_3,57,6.77,spring_2022,NA,NA
Outlet,OT3,OT_3,60,42.57,spring_2022,NA,NA
Outlet,OT3,OT_3,61,99.13,spring_2022,NA,NA
Outlet,OT3,OT_3,62,18.06,spring_2022,NA,NA
Outlet,OT3,OT_3,64,3.36,spring_2022,NA,NA
Outlet,OT3,OT_3,65,1.17,spring_2022,NA,NA
Outlet,OT3,OT_3,66,65.47,spring_2022,NA,NA
Outlet,OT3,OT_3,68,10.95,spring_2022,NA,NA
Outlet,OT3,OT_3,70,8.55,spring_2022,NA,NA
Outlet,OT3,OT_3,71,31,spring_2022,NA,NA
Outlet,OT3,OT_3,0,60.65,spring_2022,NA,NA
Outlet,OT3,OT_3,2,70.79,spring_2022,NA,NA
Outlet,OT3,OT_3,3,146.81,spring_2022,NA,NA
Outlet,OT3,OT_3,4,88.48,spring_2022,NA,NA
Outlet,OT3,OT_3,5,114.77,spring_2022,NA,NA
Outlet,OT3,OT_3,9,18.96,spring_2022,NA,NA
Outlet,OT3,OT_3,10,95.59,spring_2022,NA,NA
Outlet,OT3,OT_3,30,64.06,spring_2022,NA,NA
Outlet,OT3,OT_3,31,113.27,spring_2022,NA,NA
Outlet,OT3,OT_3,33,110.69,spring_2022,NA,NA
Outlet,OT3,OT_3,37,75.8,spring_2022,NA,NA
Outlet,OT3,OT_3,44,118.48,spring_2022,NA,NA
Outlet,OT3,OT_3,52,148.9,spring_2022,NA,NA
Outlet,OT3,OT_3,58,50.86,spring_2022,NA,NA
Outlet,OT3,OT_3,7,84.22,spring_2022,NA,NA
Outlet,OT3,OT_3,13,32.55,spring_2022,NA,NA
Outlet,OT3,OT_3,23,94.53,spring_2022,NA,NA
Outlet,OT3,OT_3,24,90.46,spring_2022,NA,NA
Outlet,OT3,OT_3,25,69.84,spring_2022,NA,NA
Outlet,OT3,OT_3,34,15.42,spring_2022,NA,NA
Outlet,OT3,OT_3,59,75.11,spring_2022,NA,NA
Outlet,OT3,OT_3,63,19.7,spring_2022,NA,NA
Outlet,OT3,OT_3,67,44.66,spring_2022,NA,NA
Outlet,OT3,OT_3,69,11.08,spring_2022,NA,NA
Inlet,IT1,IT_4,0,76.67,spring_2022,NA,NA
Inlet,IT1,IT_4,1,18.93,spring_2022,NA,NA
Inlet,IT1,IT_4,2,61.06,spring_2022,NA,NA
Inlet,IT1,IT_4,3,80.67,spring_2022,NA,NA
Inlet,IT1,IT_4,4,46.02,spring_2022,NA,NA
Inlet,IT1,IT_4,5,4.32,spring_2022,NA,NA
Inlet,IT1,IT_4,6,4.28,spring_2022,NA,NA
Inlet,IT1,IT_4,7,149.52,spring_2022,NA,NA
Inlet,IT2,IT_3,0,23.57,spring_2022,NA,NA
Inlet,IT2,IT_3,1,55.53,spring_2022,NA,NA
Inlet,IT2,IT_3,8,13.54,spring_2022,NA,NA
Inlet,IT2,IT_3,9,18.42,spring_2022,NA,NA
Inlet,IT2,IT_3,11,40.21,spring_2022,NA,NA
Inlet,IT2,IT_3,12,158.41,spring_2022,NA,NA
Inlet,IT2,IT_3,14,6.46,spring_2022,NA,NA
Inlet,IT2,IT_3,15,4.06,spring_2022,NA,NA
Inlet,IT2,IT_3,17,10.61,spring_2022,NA,NA
Inlet,IT2,IT_3,19,36.43,spring_2022,NA,NA
Inlet,IT2,IT_3,22,21.98,spring_2022,NA,NA
Inlet,IT2,IT_3,23,7.16,spring_2022,NA,NA
Inlet,IT2,IT_3,25,5.55,spring_2022,NA,NA
Inlet,IT2,IT_3,28,29.87,spring_2022,NA,NA
Inlet,IT2,IT_3,31,45.64,spring_2022,NA,NA
Inlet,IT2,IT_3,37,42.46,spring_2022,NA,NA
Inlet,IT2,IT_3,38,14.41,spring_2022,NA,NA
Inlet,IT2,IT_3,40,31.48,spring_2022,NA,NA
Inlet,IT2,IT_3,44,20.08,spring_2022,NA,NA
Inlet,IT2,IT_3,46,4.15,spring_2022,NA,NA
Inlet,IT2,IT_3,49,88.18,spring_2022,NA,NA
Inlet,IT2,IT_3,50,5.73,spring_2022,NA,NA
Inlet,IT2,IT_3,53,59.47,spring_2022,NA,NA
Inlet,IT2,IT_3,54,35.51,spring_2022,NA,NA
Inlet,IT2,IT_3,56,14.94,spring_2022,NA,NA
Inlet,IT2,IT_3,57,21.18,spring_2022,NA,NA
Inlet,IT2,IT_3,60,29.15,spring_2022,NA,NA
Inlet,IT2,IT_3,61,109.57,spring_2022,NA,NA
Inlet,IT2,IT_3,63,85.52,spring_2022,NA,NA
Inlet,IT2,IT_3,70,41.78,spring_2022,NA,NA
Inlet,IT2,IT_3,71,3.08,spring_2022,NA,NA
Inlet,IT2,IT_3,72,7.46,spring_2022,NA,NA
Inlet,IT2,IT_3,73,22.92,spring_2022,NA,NA
Inlet,IT2,IT_3,74,16.41,spring_2022,NA,NA
Inlet,IT2,IT_3,75,9.13,spring_2022,NA,NA
Inlet,IT2,IT_3,76,10.69,spring_2022,NA,NA
Inlet,IT2,IT_3,77,33.33,spring_2022,NA,NA
Inlet,IT2,IT_3,79,27.36,spring_2022,NA,NA
Inlet,IT2,IT_3,80,25.1,spring_2022,NA,NA
Inlet,IT2,IT_3,85,241.74,spring_2022,NA,NA
Inlet,IT2,IT_3,86,37.52,spring_2022,NA,NA
Inlet,IT2,IT_3,88,147.13,spring_2022,NA,NA
Inlet,IT2,IT_3,91,8.73,spring_2022,NA,NA
Inlet,IT2,IT_3,93,19.68,spring_2022,NA,NA
Inlet,IT2,IT_3,94,18.24,spring_2022,NA,NA
Inlet,IT2,IT_3,102,34.77,spring_2022,NA,NA
Inlet,IT2,IT_3,104,43.25,spring_2022,NA,NA
Inlet,IT2,IT_3,105,8.07,spring_2022,NA,NA
Inlet,IT2,IT_3,107,147.73,spring_2022,NA,NA
Inlet,IT2,IT_3,111,16.67,spring_2022,NA,NA
Inlet,IT2,IT_3,113,14.8,spring_2022,NA,NA
Inlet,IT2,IT_3,115,60.42,spring_2022,NA,NA
Inlet,IT2,IT_3,116,7.9,spring_2022,NA,NA
Inlet,IT2,IT_3,117,18.42,spring_2022,NA,NA
Inlet,IT2,IT_3,120,16.77,spring_2022,NA,NA
Inlet,IT2,IT_3,121,8.55,spring_2022,NA,NA
Inlet,IT2,IT_3,124,16.11,spring_2022,NA,NA
Inlet,IT2,IT_3,127,101.19,spring_2022,NA,NA
Inlet,IT2,IT_3,130,5.89,spring_2022,NA,NA
Inlet,IT2,IT_3,134,4.92,spring_2022,NA,NA
Inlet,IT2,IT_3,137,11.38,spring_2022,NA,NA
Inlet,IT2,IT_3,139,65.93,spring_2022,NA,NA
Inlet,IT2,IT_3,142,8.24,spring_2022,NA,NA
Inlet,IT2,IT_3,143,10.38,spring_2022,NA,NA
Inlet,IT2,IT_3,144,61.53,spring_2022,NA,NA
Inlet,IT2,IT_3,145,4.17,spring_2022,NA,NA
Inlet,IT2,IT_3,146,9.96,spring_2022,NA,NA
Inlet,IT2,IT_3,147,2.93,spring_2022,NA,NA
Inlet,IT2,IT_3,148,16.5,spring_2022,NA,NA
Inlet,IT2,IT_3,149,2.41,spring_2022,NA,NA
Inlet,IT2,IT_3,153,57.34,spring_2022,NA,NA
Inlet,IT2,IT_3,154,26.74,spring_2022,NA,NA
Inlet,IT2,IT_3,155,65.18,spring_2022,NA,NA
Inlet,IT2,IT_3,157,51.23,spring_2022,NA,NA
Inlet,IT2,IT_3,158,3.25,spring_2022,NA,NA
Inlet,IT2,IT_3,159,5.78,spring_2022,NA,NA
Inlet,IT2,IT_3,160,11.34,spring_2022,NA,NA
Inlet,IT2,IT_3,161,5.17,spring_2022,NA,NA
Inlet,IT2,IT_3,162,4.73,spring_2022,NA,NA
Inlet,IT2,IT_3,163,0.84,spring_2022,NA,NA
Inlet,IT2,IT_3,164,3.77,spring_2022,NA,NA
Inlet,IT2,IT_3,166,1.96,spring_2022,NA,NA
Inlet,IT2,IT_3,167,1.47,spring_2022,NA,NA
Inlet,IT2,IT_3,168,27.81,spring_2022,NA,NA
Inlet,IT2,IT_3,169,2.44,spring_2022,NA,NA
Inlet,IT2,IT_3,170,2.1,spring_2022,NA,NA
Inlet,IT2,IT_3,171,12.14,spring_2022,NA,NA
Inlet,IT2,IT_3,172,2.86,spring_2022,NA,NA
Inlet,IT2,IT_3,78,6.01,spring_2022,NA,NA
Inlet,IT2,IT_3,78,6.01,spring_2022,NA,NA
Inlet,IT2,IT_3,97,12.87,spring_2022,NA,NA
Inlet,IT2,IT_3,97,12.87,spring_2022,NA,NA
Inlet,IT2,IT_3,100,104.4,spring_2022,NA,NA
Inlet,IT2,IT_3,100,104.4,spring_2022,NA,NA
Inlet,IT2,IT_3,165,1.81,spring_2022,NA,NA
Inlet,IT2,IT_3,165,1.81,spring_2022,NA,NA
Inlet,IT2,IT_3,30,43.36,spring_2022,NA,NA
Inlet,IT2,IT_3,36,6.9,spring_2022,NA,NA
Inlet,IT2,IT_3,42,112.77,spring_2022,NA,NA
Inlet,IT2,IT_3,48,9.59,spring_2022,NA,NA
Inlet,IT2,IT_3,62,130.99,spring_2022,NA,NA
Inlet,IT2,IT_3,67,12.65,spring_2022,NA,NA
Inlet,IT2,IT_3,81,39.66,spring_2022,NA,NA
Inlet,IT2,IT_3,84,163.17,spring_2022,NA,NA
Inlet,IT2,IT_3,92,121.21,spring_2022,NA,NA
Inlet,IT2,IT_3,95,147.77,spring_2022,NA,NA
Inlet,IT2,IT_3,98,31.81,spring_2022,NA,NA
Inlet,IT2,IT_3,112,34.57,spring_2022,NA,NA
Inlet,IT2,IT_3,128,16.24,spring_2022,NA,NA
Inlet,IT2,IT_3,129,12.43,spring_2022,NA,NA
Inlet,IT2,IT_3,6,116.99,spring_2022,NA,NA
Inlet,IT2,IT_3,13,27.71,spring_2022,NA,NA
Inlet,IT2,IT_3,18,2.17,spring_2022,NA,NA
Inlet,IT2,IT_3,27,23.15,spring_2022,NA,NA
Inlet,IT2,IT_3,41,48.49,spring_2022,NA,NA
Inlet,IT2,IT_3,45,107.2,spring_2022,NA,NA
Inlet,IT2,IT_3,47,78.55,spring_2022,NA,NA
Inlet,IT2,IT_3,51,62.29,spring_2022,NA,NA
Inlet,IT2,IT_3,59,6.64,spring_2022,NA,NA
Inlet,IT2,IT_3,64,116.16,spring_2022,NA,NA
Inlet,IT2,IT_3,66,136.75,spring_2022,NA,NA
Inlet,IT2,IT_3,82,57.88,spring_2022,NA,NA
Inlet,IT2,IT_3,87,51.28,spring_2022,NA,NA
Inlet,IT2,IT_3,96,39.36,spring_2022,NA,NA
Inlet,IT2,IT_3,99,40.64,spring_2022,NA,NA
Inlet,IT2,IT_3,101,32.07,spring_2022,NA,NA
Inlet,IT2,IT_3,109,114.24,spring_2022,NA,NA
Inlet,IT2,IT_3,110,47.14,spring_2022,NA,NA
Inlet,IT2,IT_3,114,65.58,spring_2022,NA,NA
Inlet,IT2,IT_3,118,44.45,spring_2022,NA,NA
Inlet,IT2,IT_3,122,27.29,spring_2022,NA,NA
Inlet,IT2,IT_3,123,49.69,spring_2022,NA,NA
Inlet,IT2,IT_3,125,97.38,spring_2022,NA,NA
Inlet,IT2,IT_3,133,20.92,spring_2022,NA,NA
Inlet,IT2,IT_3,136,7.34,spring_2022,NA,NA
Inlet,IT2,IT_3,141,62.19,spring_2022,NA,NA
Inlet,IT2,IT_3,156,121.13,spring_2022,NA,NA
Inlet,IT3,IT_1,2,58.07,spring_2022,NA,NA
Inlet,IT3,IT_1,6,38.78,spring_2022,NA,NA
Inlet,IT3,IT_1,7,47.48,spring_2022,NA,NA
Inlet,IT3,IT_1,8,41.91,spring_2022,NA,NA
Inlet,IT3,IT_1,9,44.25,spring_2022,NA,NA
Inlet,IT3,IT_1,10,20.64,spring_2022,NA,NA
Inlet,IT3,IT_1,11,17.19,spring_2022,NA,NA
Inlet,IT3,IT_1,28,57.97,spring_2022,NA,NA
Inlet,IT3,IT_1,29,210.74,spring_2022,NA,NA
Inlet,IT3,IT_1,33,11.79,spring_2022,NA,NA
Inlet,IT3,IT_1,43,22.93,spring_2022,NA,NA
Inlet,IT3,IT_1,44,18.07,spring_2022,NA,NA
Inlet,IT3,IT_1,46,4.97,spring_2022,NA,NA
Inlet,IT3,IT_1,50,69.92,spring_2022,NA,NA
Inlet,IT3,IT_1,55,74.99,spring_2022,NA,NA
Inlet,IT3,IT_1,48,66.69,spring_2022,NA,NA
Inlet,IT3,IT_1,34,9.26,spring_2022,NA,NA
Inlet,IT3,IT_1,45,88.89,spring_2022,NA,NA
Inlet,IT3,IT_1,47,23.64,spring_2022,NA,NA
Inlet,IT3,IT_1,49,75.8,spring_2022,NA,NA
Haikou,HK1,HK_1,0,44.58,spring_2022,NA,NA
Haikou,HK1,HK_1,1,19.05,spring_2022,NA,NA
Haikou,HK1,HK_1,3,16.95,spring_2022,NA,NA
Haikou,HK1,HK_1,4,16.02,spring_2022,NA,NA
Haikou,HK1,HK_1,5,28.07,spring_2022,NA,NA
Haikou,HK1,HK_1,6,15.98,spring_2022,NA,NA
Haikou,HK1,HK_1,7,17.18,spring_2022,NA,NA
Haikou,HK1,HK_1,8,46.12,spring_2022,NA,NA
Haikou,HK1,HK_1,10,6.26,spring_2022,NA,NA
Haikou,HK1,HK_1,11,14.05,spring_2022,NA,NA
Haikou,HK1,HK_1,12,4.44,spring_2022,NA,NA
Haikou,HK1,HK_1,13,26.49,spring_2022,NA,NA
Haikou,HK1,HK_1,14,19.63,spring_2022,NA,NA
Haikou,HK1,HK_1,15,5.78,spring_2022,NA,NA
Haikou,HK1,HK_1,16,18.18,spring_2022,NA,NA
Haikou,HK1,HK_1,17,3.65,spring_2022,NA,NA
Haikou,HK2,HK_2,0,20.51,spring_2022,NA,NA
Haikou,HK2,HK_2,2,33.25,spring_2022,NA,NA
Haikou,HK2,HK_2,3,11.6,spring_2022,NA,NA
Haikou,HK2,HK_2,5,29.34,spring_2022,NA,NA
Haikou,HK2,HK_2,6,18.49,spring_2022,NA,NA
Haikou,HK2,HK_2,11,18.33,spring_2022,NA,NA
Haikou,HK2,HK_2,13,22.73,spring_2022,NA,NA
Haikou,HK2,HK_2,15,26.35,spring_2022,NA,NA
Haikou,HK2,HK_2,17,27.79,spring_2022,NA,NA
Haikou,HK2,HK_2,19,25.17,spring_2022,NA,NA
Haikou,HK2,HK_2,20,12.27,spring_2022,NA,NA
Haikou,HK2,HK_2,22,9.57,spring_2022,NA,NA
Haikou,HK2,HK_2,23,20,spring_2022,NA,NA
Haikou,HK2,HK_2,24,8.39,spring_2022,NA,NA
Haikou,HK2,HK_2,27,15.16,spring_2022,NA,NA
Haikou,HK2,HK_2,29,20.79,spring_2022,NA,NA
Haikou,HK2,HK_2,39,19.18,spring_2022,NA,NA
Haikou,HK2,HK_2,45,12.38,spring_2022,NA,NA
Haikou,HK2,HK_2,49,17.17,spring_2022,NA,NA
Haikou,HK2,HK_2,50,18.7,spring_2022,NA,NA
Haikou,HK2,HK_2,52,21.83,spring_2022,NA,NA
Haikou,HK2,HK_2,53,11.37,spring_2022,NA,NA
Haikou,HK2,HK_2,54,17.04,spring_2022,NA,NA
Haikou,HK2,HK_2,56,30.75,spring_2022,NA,NA
Haikou,HK2,HK_2,57,33.17,spring_2022,NA,NA
Haikou,HK2,HK_2,58,28.62,spring_2022,NA,NA
Haikou,HK2,HK_2,59,28.36,spring_2022,NA,NA
Haikou,HK2,HK_2,60,41.05,spring_2022,NA,NA
Haikou,HK2,HK_2,62,4.92,spring_2022,NA,NA
Haikou,HK2,HK_2,64,55.49,spring_2022,NA,NA
Haikou,HK2,HK_2,67,38.85,spring_2022,NA,NA
Haikou,HK2,HK_2,68,2.75,spring_2022,NA,NA
Haikou,HK2,HK_2,70,25.47,spring_2022,NA,NA
Haikou,HK2,HK_2,71,38.15,spring_2022,NA,NA
Haikou,HK2,HK_2,74,43.28,spring_2022,NA,NA
Haikou,HK2,HK_2,75,21.32,spring_2022,NA,NA
Haikou,HK2,HK_2,76,17.62,spring_2022,NA,NA
Haikou,HK2,HK_2,77,14.67,spring_2022,NA,NA
Haikou,HK2,HK_2,78,14.93,spring_2022,NA,NA
Haikou,HK2,HK_2,80,39.12,spring_2022,NA,NA
Haikou,HK2,HK_2,82,6.89,spring_2022,NA,NA
Haikou,HK2,HK_2,86,11.65,spring_2022,NA,NA
Haikou,HK2,HK_2,88,43.35,spring_2022,NA,NA
Haikou,HK2,HK_2,90,17.02,spring_2022,NA,NA
Haikou,HK2,HK_2,94,22.57,spring_2022,NA,NA
Haikou,HK2,HK_2,99,16.07,spring_2022,NA,NA
Haikou,HK2,HK_2,100,21.96,spring_2022,NA,NA
Haikou,HK2,HK_2,102,37.61,spring_2022,NA,NA
Haikou,HK2,HK_2,103,20.52,spring_2022,NA,NA
Haikou,HK2,HK_2,104,21.76,spring_2022,NA,NA
Haikou,HK2,HK_2,105,12.52,spring_2022,NA,NA
Haikou,HK2,HK_2,106,41.55,spring_2022,NA,NA
Haikou,HK2,HK_2,108,17.93,spring_2022,NA,NA
Haikou,HK2,HK_2,109,38.53,spring_2022,NA,NA
Haikou,HK2,HK_2,10,22.4,spring_2022,NA,NA
Haikou,HK2,HK_2,26,25.24,spring_2022,NA,NA
Haikou,HK2,HK_2,61,14.5,spring_2022,NA,NA
Haikou,HK2,HK_2,84,41.61,spring_2022,NA,NA
Haikou,HK2,HK_2,92,13.74,spring_2022,NA,NA
Haikou,HK2,HK_2,95,19.25,spring_2022,NA,NA
Haikou,HK2,HK_2,96,19.24,spring_2022,NA,NA
Haikou,HK2,HK_2,97,16.67,spring_2022,NA,NA
Haikou,HK2,HK_2,98,5.66,spring_2022,NA,NA
Haikou,HK2,HK_2,101,15.35,spring_2022,NA,NA
Haikou,HK2,HK_2,107,37.19,spring_2022,NA,NA
Haikou,HK2,HK_2,25,51.18,spring_2022,NA,NA
Haikou,HK2,HK_2,30,49.14,spring_2022,NA,NA
Haikou,HK2,HK_2,35,21.88,spring_2022,NA,NA
Haikou,HK2,HK_2,51,47.44,spring_2022,NA,NA
Haikou,HK2,HK_2,55,17.31,spring_2022,NA,NA
Haikou,HK2,HK_2,63,32.46,spring_2022,NA,NA
Haikou,HK2,HK_2,72,14.76,spring_2022,NA,NA
Haikou,HK2,HK_2,83,31.98,spring_2022,NA,NA
Haikou,HK2,HK_2,85,21.67,spring_2022,NA,NA
Haikou,HK3,HK_3,4,36.49,spring_2022,NA,NA
Haikou,HK3,HK_3,6,13.62,spring_2022,NA,NA
Haikou,HK3,HK_3,10,6.55,spring_2022,NA,NA
Haikou,HK3,HK_3,12,16.97,spring_2022,NA,NA
Haikou,HK3,HK_3,19,5.36,spring_2022,NA,NA
Haikou,HK3,HK_3,24,20.4,spring_2022,NA,NA
Haikou,HK3,HK_3,25,4.95,spring_2022,NA,NA
Haikou,HK3,HK_3,26,49.21,spring_2022,NA,NA
Haikou,HK3,HK_3,27,11.47,spring_2022,NA,NA
Haikou,HK3,HK_3,29,33.32,spring_2022,NA,NA
Haikou,HK3,HK_3,30,42.32,spring_2022,NA,NA
Haikou,HK3,HK_3,33,3.83,spring_2022,NA,NA
Haikou,HK3,HK_3,34,12.25,spring_2022,NA,NA
Haikou,HK3,HK_3,36,10.11,spring_2022,NA,NA
Haikou,HK3,HK_3,35,10.15,spring_2022,NA,NA
Haikou,HK3,HK_3,35,10.15,spring_2022,NA,NA
Haikou,HK3,HK_3,31,62.49,spring_2022,NA,NA
Haikou,HK3,HK_3,13,8.71,spring_2022,NA,NA
Outlet,OT1,OT_5,0,21.63,fall_2022,2.15,grew
Outlet,OT1,OT_5,10,75.8,fall_2022,19.95,grew
Outlet,OT1,OT_5,12,47.71,fall_2022,15.42,grew
Outlet,OT1,OT_5,13,29.85,fall_2022,11.83,grew
Outlet,OT1,OT_5,14,40.61,fall_2022,18.28,grew
Outlet,OT1,OT_5,18,95.64,fall_2022,5.52,grew
Outlet,OT1,OT_5,23,90.59,fall_2022,7.27,grew
Outlet,OT1,OT_5,25,66.61,fall_2022,15.36,grew
Outlet,OT1,OT_5,26,51.68,fall_2022,8.25,grew
Outlet,OT1,OT_5,28,78.6,fall_2022,13.3,grew
Outlet,OT1,OT_5,29,48.93,fall_2022,3.94,grew
Outlet,OT1,OT_5,32,31.47,fall_2022,2.83,grew
Outlet,OT1,OT_5,33,96.44,fall_2022,15.12,grew
Outlet,OT1,OT_5,34,67.4,fall_2022,9.25,grew
Outlet,OT1,OT_5,52,25.43,fall_2022,10.29,grew
Outlet,OT1,OT_5,54,86.8,fall_2022,9.6,grew
Outlet,OT1,OT_5,55,77.31,fall_2022,7.96,grew
Outlet,OT1,OT_5,57,74.44,fall_2022,11.82,grew
Outlet,OT1,OT_5,58,57,fall_2022,13.83,grew
Outlet,OT1,OT_5,59,65.92,fall_2022,14.83,grew
Outlet,OT1,OT_5,61,69.62,fall_2022,4.13,grew
Outlet,OT1,OT_5,62,221.29,fall_2022,22.34,grew
Outlet,OT1,OT_5,69,61.06,fall_2022,15.04,grew
Outlet,OT1,OT_5,70,74.28,fall_2022,17.72,grew
Outlet,OT1,OT_5,71,15.6,fall_2022,4.16,grew
Outlet,OT1,OT_5,73,8.97,fall_2022,1.07,grew
Outlet,OT1,OT_5,74,19.4,fall_2022,1.84,grew
Outlet,OT1,OT_5,16,194.57,fall_2022,-3.79,shrank
Outlet,OT1,OT_5,24,108.84,fall_2022,-4.71,shrank
Outlet,OT1,OT_5,27,101.82,fall_2022,-2.56,shrank
Outlet,OT1,OT_5,43,167.97,fall_2022,7.73,grew
Outlet,OT1,OT_5,51,112.09,fall_2022,-4.01,shrank
Outlet,OT1,OT_5,53,106.86,fall_2022,3.08,grew
Outlet,OT1,OT_5,1,20.79,fall_2022,-19.58,shrank
Outlet,OT1,OT_5,11,15.18,fall_2022,-2.79,shrank
Outlet,OT1,OT_5,17,6.38,fall_2022,-4.17,shrank
Outlet,OT1,OT_5,30,58.46,fall_2022,-3.25,shrank
Outlet,OT1,OT_5,31,123.79,fall_2022,-25.63,shrank
Outlet,OT1,OT_5,60,36.03,fall_2022,-6.73,shrank
Outlet,OT1,OT_5,63,59.98,fall_2022,-8.81,shrank
Outlet,OT1,OT_5,64,19.93,fall_2022,-2.54,shrank
Outlet,OT1,OT_5,72,69.1,fall_2022,-8.87,shrank
Outlet,OT2,OT_4,1,34.9,fall_2022,12.8,grew
Outlet,OT2,OT_4,4,33.89,fall_2022,15.74,grew
Outlet,OT2,OT_4,7,87,fall_2022,16.99,grew
Outlet,OT2,OT_4,8,112.04,fall_2022,14.94,grew
Outlet,OT2,OT_4,9,54.13,fall_2022,31.69,grew
Outlet,OT2,OT_4,11,47.25,fall_2022,10.11,grew
Outlet,OT2,OT_4,13,48.19,fall_2022,13.46,grew
Outlet,OT2,OT_4,15,15.6,fall_2022,6.77,grew
Outlet,OT2,OT_4,16,19.19,fall_2022,4,grew
Outlet,OT2,OT_4,18,111.07,fall_2022,7.9,grew
Outlet,OT2,OT_4,19,177.77,fall_2022,24.6,grew
Outlet,OT2,OT_4,20,45.2,fall_2022,11.77,grew
Outlet,OT2,OT_4,27,49.35,fall_2022,8.15,grew
Outlet,OT2,OT_4,28,26.6,fall_2022,9.12,grew
Outlet,OT2,OT_4,29,126.73,fall_2022,57.7,grew
Outlet,OT2,OT_4,31,197.36,fall_2022,29.57,grew
Outlet,OT2,OT_4,32,71.22,fall_2022,21.12,grew
Outlet,OT2,OT_4,35,18.14,fall_2022,4.57,grew
Outlet,OT2,OT_4,36,29.83,fall_2022,8.98,grew
Outlet,OT2,OT_4,38,79.1,fall_2022,4.76,grew
Outlet,OT2,OT_4,39,89.03,fall_2022,37.63,grew
Outlet,OT2,OT_4,41,108.65,fall_2022,19.41,grew
Outlet,OT2,OT_4,42,103.86,fall_2022,30.61,grew
Outlet,OT2,OT_4,45,29.83,fall_2022,1.57,grew
Outlet,OT2,OT_4,46,30,fall_2022,15.15,grew
Outlet,OT2,OT_4,47,38.45,fall_2022,19.83,grew
Outlet,OT2,OT_4,48,42.34,fall_2022,17.13,grew
Outlet,OT2,OT_4,50,27.21,fall_2022,9.75,grew
Outlet,OT2,OT_4,52,131.42,fall_2022,49.45,grew
Outlet,OT2,OT_4,56,214.72,fall_2022,27.2,grew
Outlet,OT2,OT_4,57,57,fall_2022,9.28,grew
Outlet,OT2,OT_4,60,14.77,fall_2022,3.72,grew
Outlet,OT2,OT_4,62,41.67,fall_2022,10.07,grew
Outlet,OT2,OT_4,64,104.35,fall_2022,21.11,grew
Outlet,OT2,OT_4,66,159.57,fall_2022,24.54,grew
Outlet,OT2,OT_4,67,72.2,fall_2022,6.87,grew
Outlet,OT2,OT_4,68,24.26,fall_2022,10.35,grew
Outlet,OT2,OT_4,69,51.51,fall_2022,12.29,grew
Outlet,OT2,OT_4,71,18.43,fall_2022,9.79,grew
Outlet,OT2,OT_4,72,11.17,fall_2022,4.32,grew
Outlet,OT2,OT_4,74,191.09,fall_2022,19.85,grew
Outlet,OT2,OT_4,75,26.58,fall_2022,19.96,grew
Outlet,OT2,OT_4,78,81.27,fall_2022,7.5,grew
Outlet,OT2,OT_4,79,65.17,fall_2022,19.82,grew
Outlet,OT2,OT_4,81,72.97,fall_2022,19.33,grew
Outlet,OT2,OT_4,82,48.05,fall_2022,19.52,grew
Outlet,OT2,OT_4,86,72.76,fall_2022,11.81,grew
Outlet,OT2,OT_4,87,36.56,fall_2022,2.83,grew
Outlet,OT2,OT_4,89,70.82,fall_2022,9.94,grew
Outlet,OT2,OT_4,94,50.22,fall_2022,11.76,grew
Outlet,OT2,OT_4,95,151.77,fall_2022,23.67,grew
Outlet,OT2,OT_4,96,34.3,fall_2022,10.75,grew
Outlet,OT2,OT_4,98,73.15,fall_2022,10,grew
Outlet,OT2,OT_4,102,114.84,fall_2022,15.55,grew
Outlet,OT2,OT_4,103,54.5,fall_2022,19.68,grew
Outlet,OT2,OT_4,104,42.75,fall_2022,17.19,grew
Outlet,OT2,OT_4,106,36.39,fall_2022,1.81,grew
Outlet,OT2,OT_4,107,60.12,fall_2022,2.89,grew
Outlet,OT2,OT_4,109,76.74,fall_2022,15.01,grew
Outlet,OT2,OT_4,110,147.7,fall_2022,47.76,grew
Outlet,OT2,OT_4,111,111.14,fall_2022,16.64,grew
Outlet,OT2,OT_4,112,72.88,fall_2022,19.31,grew
Outlet,OT2,OT_4,113,71.06,fall_2022,17.55,grew
Outlet,OT2,OT_4,115,26.1,fall_2022,10.75,grew
Outlet,OT2,OT_4,117,87.95,fall_2022,26.53,grew
Outlet,OT2,OT_4,118,79.89,fall_2022,13.17,grew
Outlet,OT2,OT_4,119,33.95,fall_2022,14.16,grew
Outlet,OT2,OT_4,120,83.83,fall_2022,12.12,grew
Outlet,OT2,OT_4,125,110.34,fall_2022,19.21,grew
Outlet,OT2,OT_4,128,128.69,fall_2022,31.6,grew
Outlet,OT2,OT_4,129,208.02,fall_2022,40.15,grew
Outlet,OT2,OT_4,130,31.85,fall_2022,13.95,grew
Outlet,OT2,OT_4,131,36.5,fall_2022,4.98,grew
Outlet,OT2,OT_4,137,39.59,fall_2022,19.81,grew
Outlet,OT2,OT_4,139,94.28,fall_2022,23.69,grew
Outlet,OT2,OT_4,140,159.16,fall_2022,22.77,grew
Outlet,OT2,OT_4,142,71.24,fall_2022,12.65,grew
Outlet,OT2,OT_4,146,113.04,fall_2022,8.47,grew
Outlet,OT2,OT_4,147,102.94,fall_2022,28.82,grew
Outlet,OT2,OT_4,151,62.37,fall_2022,23.72,grew
Outlet,OT2,OT_4,152,40.42,fall_2022,6.6,grew
Outlet,OT2,OT_4,153,62.9,fall_2022,16.96,grew
Outlet,OT2,OT_4,154,43.04,fall_2022,11.87,grew
Outlet,OT2,OT_4,157,24.54,fall_2022,2.44,grew
Outlet,OT2,OT_4,161,63.39,fall_2022,28.32,grew
Outlet,OT2,OT_4,162,33.32,fall_2022,20.03,grew
Outlet,OT2,OT_4,163,49.23,fall_2022,8.74,grew
Outlet,OT2,OT_4,164,169.8,fall_2022,44.67,grew
Outlet,OT2,OT_4,165,191.5,fall_2022,9.77,grew
Outlet,OT2,OT_4,166,341.5,fall_2022,42.2,grew
Outlet,OT2,OT_4,167,182.29,fall_2022,35.31,grew
Outlet,OT2,OT_4,168,88.13,fall_2022,10.98,grew
Outlet,OT2,OT_4,170,61.94,fall_2022,3.66,grew
Outlet,OT2,OT_4,172,55.37,fall_2022,8.74,grew
Outlet,OT2,OT_4,173,32.01,fall_2022,5.79,grew
Outlet,OT2,OT_4,174,12.46,fall_2022,5.84,grew
Outlet,OT2,OT_4,175,7.25,fall_2022,0.4,grew
Outlet,OT2,OT_4,177,92.08,fall_2022,18.96,grew
Outlet,OT2,OT_4,181,211.97,fall_2022,19.42,grew
Outlet,OT2,OT_4,183,125.4,fall_2022,30.21,grew
Outlet,OT2,OT_4,185,119.74,fall_2022,9.78,grew
Outlet,OT2,OT_4,186,76.54,fall_2022,18.54,grew
Outlet,OT2,OT_4,187,97.21,fall_2022,34.67,grew
Outlet,OT2,OT_4,189,11.55,fall_2022,3.83,grew
Outlet,OT2,OT_4,191,111.08,fall_2022,9.95,grew
Outlet,OT2,OT_4,193,141.4,fall_2022,74.8,grew
Outlet,OT2,OT_4,194,126.25,fall_2022,12.84,grew
Outlet,OT2,OT_4,195,80.6,fall_2022,5.55,grew
Outlet,OT2,OT_4,196,37.01,fall_2022,7,grew
Outlet,OT2,OT_4,197,65.61,fall_2022,8.74,grew
Outlet,OT2,OT_4,199,112.27,fall_2022,12.22,grew
Outlet,OT2,OT_4,202,28.07,fall_2022,9.88,grew
Outlet,OT2,OT_4,204,21.46,fall_2022,6.31,grew
Outlet,OT2,OT_4,205,70.53,fall_2022,27.9,grew
Outlet,OT2,OT_4,206,123.63,fall_2022,14.08,grew
Outlet,OT2,OT_4,207,32.98,fall_2022,15.11,grew
Outlet,OT2,OT_4,209,48.28,fall_2022,4.55,grew
Outlet,OT2,OT_4,211,26.24,fall_2022,8.36,grew
Outlet,OT2,OT_4,212,29.89,fall_2022,8.4,grew
Outlet,OT2,OT_4,213,104.4,fall_2022,16.36,grew
Outlet,OT2,OT_4,214,35.56,fall_2022,12.36,grew
Outlet,OT2,OT_4,216,16.75,fall_2022,6.52,grew
Outlet,OT2,OT_4,0,128.33,fall_2022,-26.46,shrank
Outlet,OT2,OT_4,0,12.3,fall_2022,-142.49,shrank
Outlet,OT2,OT_4,169,272.91,fall_2022,-92.81,shrank
Outlet,OT2,OT_4,169,27.91,fall_2022,-337.81,shrank
Outlet,OT2,OT_4,215,18.03,fall_2022,14.46,grew
Outlet,OT2,OT_4,215,6.68,fall_2022,3.11,grew
Outlet,OT2,OT_4,215,1.93,fall_2022,-1.64,shrank
Outlet,OT2,OT_4,2,87.06,fall_2022,3.42,grew
Outlet,OT2,OT_4,37,98.97,fall_2022,1.73,grew
Outlet,OT2,OT_4,44,40.27,fall_2022,0.03,grew
Outlet,OT2,OT_4,49,121.31,fall_2022,0.95,grew
Outlet,OT2,OT_4,70,66.88,fall_2022,2.98,grew
Outlet,OT2,OT_4,76,94.56,fall_2022,4.1,grew
Outlet,OT2,OT_4,90,87.82,fall_2022,1.99,grew
Outlet,OT2,OT_4,97,145.87,fall_2022,0.86,grew
Outlet,OT2,OT_4,134,167.86,fall_2022,-6.39,shrank
Outlet,OT2,OT_4,143,24.16,fall_2022,0.73,grew
Outlet,OT2,OT_4,144,54.8,fall_2022,-2.66,shrank
Outlet,OT2,OT_4,148,68.52,fall_2022,-3.05,shrank
Outlet,OT2,OT_4,149,99.07,fall_2022,2.51,grew
Outlet,OT2,OT_4,150,10.47,fall_2022,0.03,grew
Outlet,OT2,OT_4,159,128.27,fall_2022,3.14,grew
Outlet,OT2,OT_4,171,79.7,fall_2022,2.76,grew
Outlet,OT2,OT_4,190,58.59,fall_2022,-0.05,shrank
Outlet,OT2,OT_4,201,61.4,fall_2022,0.82,grew
Outlet,OT2,OT_4,208,51.95,fall_2022,1.42,grew
Outlet,OT2,OT_4,210,82.65,fall_2022,0.55,grew
Outlet,OT2,OT_4,5,33.15,fall_2022,-2.95,shrank
Outlet,OT2,OT_4,10,53.51,fall_2022,-6.68,shrank
Outlet,OT2,OT_4,23,13.61,fall_2022,-5.64,shrank
Outlet,OT2,OT_4,26,34.44,fall_2022,-12.49,shrank
Outlet,OT2,OT_4,43,41.02,fall_2022,-3.95,shrank
Outlet,OT2,OT_4,58,83.07,fall_2022,-60.41,shrank
Outlet,OT2,OT_4,59,52.21,fall_2022,-11.33,shrank
Outlet,OT2,OT_4,63,25.17,fall_2022,-211.28,shrank
Outlet,OT2,OT_4,63,56.55,fall_2022,-179.9,shrank
Outlet,OT2,OT_4,80,90.43,fall_2022,-9.96,shrank
Outlet,OT2,OT_4,85,59.86,fall_2022,-125.89,shrank
Outlet,OT2,OT_4,88,39.74,fall_2022,-10.63,shrank
Outlet,OT2,OT_4,93,75.45,fall_2022,-10.04,shrank
Outlet,OT2,OT_4,105,53.05,fall_2022,-5.74,shrank
Outlet,OT2,OT_4,108,43.62,fall_2022,-3.58,shrank
Outlet,OT2,OT_4,116,74.29,fall_2022,-6.4,shrank
Outlet,OT2,OT_4,122,56.87,fall_2022,-14.71,shrank
Outlet,OT2,OT_4,124,121.3,fall_2022,-26.56,shrank
Outlet,OT2,OT_4,126,47.4,fall_2022,-11.23,shrank
Outlet,OT2,OT_4,127,23.26,fall_2022,-7.88,shrank
Outlet,OT2,OT_4,136,38.26,fall_2022,-11.64,shrank
Outlet,OT2,OT_4,138,127.42,fall_2022,-10.96,shrank
Outlet,OT2,OT_4,141,125.39,fall_2022,-9.69,shrank
Outlet,OT2,OT_4,145,66.39,fall_2022,-15.79,shrank
Outlet,OT2,OT_4,158,28.41,fall_2022,-77.84,shrank
Outlet,OT2,OT_4,176,80.08,fall_2022,-31.29,shrank
Outlet,OT2,OT_4,178,32.04,fall_2022,-28.3,shrank
Outlet,OT2,OT_4,179,69.16,fall_2022,-5.68,shrank
Outlet,OT2,OT_4,192,46.42,fall_2022,-3.19,shrank
Outlet,OT2,OT_4,198,49.99,fall_2022,-20.34,shrank
Outlet,OT2,OT_4,200,41.92,fall_2022,-9.1,shrank
Outlet,OT2,OT_4,203,51.92,fall_2022,-19.92,shrank
Outlet,OT3,OT_3,1,57.02,fall_2022,6.74,grew
Outlet,OT3,OT_3,6,27.27,fall_2022,14.44,grew
Outlet,OT3,OT_3,8,75.81,fall_2022,4.91,grew
Outlet,OT3,OT_3,11,14.51,fall_2022,10.13,grew
Outlet,OT3,OT_3,12,15.38,fall_2022,6.42,grew
Outlet,OT3,OT_3,14,46.85,fall_2022,25.81,grew
Outlet,OT3,OT_3,15,15.14,fall_2022,6.7,grew
Outlet,OT3,OT_3,16,40.73,fall_2022,16.37,grew
Outlet,OT3,OT_3,17,57.28,fall_2022,12.61,grew
Outlet,OT3,OT_3,18,52.51,fall_2022,6.3,grew
Outlet,OT3,OT_3,19,14.3,fall_2022,5.3,grew
Outlet,OT3,OT_3,20,8.94,fall_2022,5.53,grew
Outlet,OT3,OT_3,21,24.99,fall_2022,12.78,grew
Outlet,OT3,OT_3,22,68.76,fall_2022,13.37,grew
Outlet,OT3,OT_3,27,60.53,fall_2022,5.31,grew
Outlet,OT3,OT_3,32,23.23,fall_2022,10.33,grew
Outlet,OT3,OT_3,35,77.68,fall_2022,8.99,grew
Outlet,OT3,OT_3,38,77.75,fall_2022,12.77,grew
Outlet,OT3,OT_3,41,97.86,fall_2022,22.99,grew
Outlet,OT3,OT_3,42,28.85,fall_2022,11.98,grew
Outlet,OT3,OT_3,43,67.97,fall_2022,12.55,grew
Outlet,OT3,OT_3,45,90.2,fall_2022,11.42,grew
Outlet,OT3,OT_3,46,48.46,fall_2022,12.95,grew
Outlet,OT3,OT_3,47,97.43,fall_2022,24.89,grew
Outlet,OT3,OT_3,48,33.58,fall_2022,7.05,grew
Outlet,OT3,OT_3,49,24.75,fall_2022,4.65,grew
Outlet,OT3,OT_3,50,89.29,fall_2022,9.76,grew
Outlet,OT3,OT_3,51,145.51,fall_2022,29.52,grew
Outlet,OT3,OT_3,54,41.96,fall_2022,6.88,grew
Outlet,OT3,OT_3,55,16.44,fall_2022,4.69,grew
Outlet,OT3,OT_3,56,34.15,fall_2022,5.34,grew
Outlet,OT3,OT_3,57,24.34,fall_2022,17.57,grew
Outlet,OT3,OT_3,60,61.69,fall_2022,19.12,grew
Outlet,OT3,OT_3,61,111.48,fall_2022,12.35,grew
Outlet,OT3,OT_3,62,30.26,fall_2022,12.2,grew
Outlet,OT3,OT_3,64,6.22,fall_2022,2.86,grew
Outlet,OT3,OT_3,65,2.77,fall_2022,1.6,grew
Outlet,OT3,OT_3,66,82.03,fall_2022,16.56,grew
Outlet,OT3,OT_3,68,24.99,fall_2022,14.04,grew
Outlet,OT3,OT_3,70,19.41,fall_2022,10.86,grew
Outlet,OT3,OT_3,71,36.22,fall_2022,5.22,grew
Outlet,OT3,OT_3,0,61.1,fall_2022,0.45,grew
Outlet,OT3,OT_3,2,73.36,fall_2022,2.57,grew
Outlet,OT3,OT_3,3,145.33,fall_2022,-1.48,shrank
Outlet,OT3,OT_3,4,84.64,fall_2022,-3.84,shrank
Outlet,OT3,OT_3,5,110.98,fall_2022,-3.79,shrank
Outlet,OT3,OT_3,9,18.91,fall_2022,-0.05,shrank
Outlet,OT3,OT_3,10,91.49,fall_2022,-4.1,shrank
Outlet,OT3,OT_3,30,64.17,fall_2022,0.11,grew
Outlet,OT3,OT_3,31,110.04,fall_2022,-3.23,shrank
Outlet,OT3,OT_3,33,106.57,fall_2022,-4.12,shrank
Outlet,OT3,OT_3,37,78.37,fall_2022,2.57,grew
Outlet,OT3,OT_3,44,121.09,fall_2022,2.61,grew
Outlet,OT3,OT_3,52,151.64,fall_2022,2.74,grew
Outlet,OT3,OT_3,58,50.97,fall_2022,0.11,grew
Outlet,OT3,OT_3,7,47.25,fall_2022,-36.97,shrank
Outlet,OT3,OT_3,13,26.14,fall_2022,-6.41,shrank
Outlet,OT3,OT_3,23,82.42,fall_2022,-12.11,shrank
Outlet,OT3,OT_3,24,77.38,fall_2022,-13.08,shrank
Outlet,OT3,OT_3,25,44.93,fall_2022,-24.91,shrank
Outlet,OT3,OT_3,34,9.98,fall_2022,-5.44,shrank
Outlet,OT3,OT_3,59,45.67,fall_2022,-29.44,shrank
Outlet,OT3,OT_3,63,15.42,fall_2022,-4.28,shrank
Outlet,OT3,OT_3,67,38.69,fall_2022,-5.97,shrank
Outlet,OT3,OT_3,69,7.88,fall_2022,-3.2,shrank
Inlet,IT1,IT_4,0,92.26,fall_2022,15.59,grew
Inlet,IT1,IT_4,1,34.09,fall_2022,15.16,grew
Inlet,IT1,IT_4,2,71.09,fall_2022,10.03,grew
Inlet,IT1,IT_4,3,97.11,fall_2022,16.44,grew
Inlet,IT1,IT_4,4,67.48,fall_2022,21.46,grew
Inlet,IT1,IT_4,5,8.7,fall_2022,4.38,grew
Inlet,IT1,IT_4,6,9.74,fall_2022,5.46,grew
Inlet,IT1,IT_4,7,176.62,fall_2022,27.1,grew
Inlet,IT2,IT_3,0,29.94,fall_2022,6.37,grew
Inlet,IT2,IT_3,1,75.5,fall_2022,19.97,grew
Inlet,IT2,IT_3,8,26.95,fall_2022,13.41,grew
Inlet,IT2,IT_3,9,25.65,fall_2022,7.23,grew
Inlet,IT2,IT_3,11,43.21,fall_2022,3,grew
Inlet,IT2,IT_3,12,203.73,fall_2022,45.32,grew
Inlet,IT2,IT_3,14,12.31,fall_2022,5.85,grew
Inlet,IT2,IT_3,15,5.04,fall_2022,0.98,grew
Inlet,IT2,IT_3,17,23.25,fall_2022,12.64,grew
Inlet,IT2,IT_3,19,51.94,fall_2022,15.51,grew
Inlet,IT2,IT_3,22,46.33,fall_2022,24.35,grew
Inlet,IT2,IT_3,23,19.54,fall_2022,12.38,grew
Inlet,IT2,IT_3,25,7.97,fall_2022,2.42,grew
Inlet,IT2,IT_3,28,42.71,fall_2022,12.84,grew
Inlet,IT2,IT_3,31,61.78,fall_2022,16.14,grew
Inlet,IT2,IT_3,37,63.51,fall_2022,21.05,grew
Inlet,IT2,IT_3,38,35.58,fall_2022,21.17,grew
Inlet,IT2,IT_3,40,36.85,fall_2022,5.37,grew
Inlet,IT2,IT_3,44,28.82,fall_2022,8.74,grew
Inlet,IT2,IT_3,46,6.41,fall_2022,2.26,grew
Inlet,IT2,IT_3,49,109.09,fall_2022,20.91,grew
Inlet,IT2,IT_3,50,11.68,fall_2022,5.95,grew
Inlet,IT2,IT_3,53,64.24,fall_2022,4.77,grew
Inlet,IT2,IT_3,54,45.4,fall_2022,9.89,grew
Inlet,IT2,IT_3,56,29.24,fall_2022,14.3,grew
Inlet,IT2,IT_3,57,28.23,fall_2022,7.05,grew
Inlet,IT2,IT_3,60,45.48,fall_2022,16.33,grew
Inlet,IT2,IT_3,61,125.44,fall_2022,15.87,grew
Inlet,IT2,IT_3,63,118.27,fall_2022,32.75,grew
Inlet,IT2,IT_3,70,65.54,fall_2022,23.76,grew
Inlet,IT2,IT_3,71,5.03,fall_2022,1.95,grew
Inlet,IT2,IT_3,72,20.32,fall_2022,12.86,grew
Inlet,IT2,IT_3,73,33.95,fall_2022,11.03,grew
Inlet,IT2,IT_3,74,26.04,fall_2022,9.63,grew
Inlet,IT2,IT_3,75,9.64,fall_2022,0.51,grew
Inlet,IT2,IT_3,76,24.43,fall_2022,13.74,grew
Inlet,IT2,IT_3,77,53.32,fall_2022,19.99,grew
Inlet,IT2,IT_3,79,54.69,fall_2022,27.33,grew
Inlet,IT2,IT_3,80,29.22,fall_2022,4.12,grew
Inlet,IT2,IT_3,85,301.36,fall_2022,59.62,grew
Inlet,IT2,IT_3,86,59.92,fall_2022,22.4,grew
Inlet,IT2,IT_3,88,154.81,fall_2022,7.68,grew
Inlet,IT2,IT_3,91,15.33,fall_2022,6.6,grew
Inlet,IT2,IT_3,93,23.73,fall_2022,4.05,grew
Inlet,IT2,IT_3,94,44.19,fall_2022,25.95,grew
Inlet,IT2,IT_3,102,68.51,fall_2022,33.74,grew
Inlet,IT2,IT_3,104,65.93,fall_2022,22.68,grew
Inlet,IT2,IT_3,105,16.76,fall_2022,8.69,grew
Inlet,IT2,IT_3,107,193.26,fall_2022,45.53,grew
Inlet,IT2,IT_3,111,28.6,fall_2022,11.93,grew
Inlet,IT2,IT_3,113,23.2,fall_2022,8.4,grew
Inlet,IT2,IT_3,115,78.84,fall_2022,18.42,grew
Inlet,IT2,IT_3,116,19.82,fall_2022,11.92,grew
Inlet,IT2,IT_3,117,39.16,fall_2022,20.74,grew
Inlet,IT2,IT_3,120,22.63,fall_2022,5.86,grew
Inlet,IT2,IT_3,121,10.36,fall_2022,1.81,grew
Inlet,IT2,IT_3,124,19.21,fall_2022,3.1,grew
Inlet,IT2,IT_3,127,118.52,fall_2022,17.33,grew
Inlet,IT2,IT_3,130,7.29,fall_2022,1.4,grew
Inlet,IT2,IT_3,134,6.14,fall_2022,1.22,grew
Inlet,IT2,IT_3,137,17.37,fall_2022,5.99,grew
Inlet,IT2,IT_3,139,71.14,fall_2022,5.21,grew
Inlet,IT2,IT_3,142,10.55,fall_2022,2.31,grew
Inlet,IT2,IT_3,143,18.33,fall_2022,7.95,grew
Inlet,IT2,IT_3,144,71.11,fall_2022,9.58,grew
Inlet,IT2,IT_3,145,24.13,fall_2022,19.96,grew
Inlet,IT2,IT_3,146,30.05,fall_2022,20.09,grew
Inlet,IT2,IT_3,147,10.1,fall_2022,7.17,grew
Inlet,IT2,IT_3,148,19.73,fall_2022,3.23,grew
Inlet,IT2,IT_3,149,7.91,fall_2022,5.5,grew
Inlet,IT2,IT_3,153,75.23,fall_2022,17.89,grew
Inlet,IT2,IT_3,154,28.85,fall_2022,2.11,grew
Inlet,IT2,IT_3,155,82.83,fall_2022,17.65,grew
Inlet,IT2,IT_3,157,65.27,fall_2022,14.04,grew
Inlet,IT2,IT_3,158,4.21,fall_2022,0.96,grew
Inlet,IT2,IT_3,159,12.28,fall_2022,6.5,grew
Inlet,IT2,IT_3,160,17.49,fall_2022,6.15,grew
Inlet,IT2,IT_3,161,8.69,fall_2022,3.52,grew
Inlet,IT2,IT_3,162,5.21,fall_2022,0.48,grew
Inlet,IT2,IT_3,163,4.44,fall_2022,3.6,grew
Inlet,IT2,IT_3,164,6.23,fall_2022,2.46,grew
Inlet,IT2,IT_3,166,8.25,fall_2022,6.29,grew
Inlet,IT2,IT_3,167,4.07,fall_2022,2.6,grew
Inlet,IT2,IT_3,168,33.52,fall_2022,5.71,grew
Inlet,IT2,IT_3,169,11.94,fall_2022,9.5,grew
Inlet,IT2,IT_3,170,3.1,fall_2022,1,grew
Inlet,IT2,IT_3,171,14.14,fall_2022,2,grew
Inlet,IT2,IT_3,172,5.24,fall_2022,2.38,grew
Inlet,IT2,IT_3,78,7.07,fall_2022,1.06,grew
Inlet,IT2,IT_3,78,2.92,fall_2022,-3.09,shrank
Inlet,IT2,IT_3,97,4.4,fall_2022,-8.47,shrank
Inlet,IT2,IT_3,97,4.15,fall_2022,-8.72,shrank
Inlet,IT2,IT_3,100,12.04,fall_2022,-92.36,shrank
Inlet,IT2,IT_3,100,34.21,fall_2022,-70.19,shrank
Inlet,IT2,IT_3,165,21.71,fall_2022,19.9,grew
Inlet,IT2,IT_3,165,8.24,fall_2022,6.43,grew
Inlet,IT2,IT_3,30,44.18,fall_2022,0.82,grew
Inlet,IT2,IT_3,36,6.85,fall_2022,-0.05,shrank
Inlet,IT2,IT_3,42,109.32,fall_2022,-3.45,shrank
Inlet,IT2,IT_3,48,9.3,fall_2022,-0.29,shrank
Inlet,IT2,IT_3,62,128.4,fall_2022,-2.59,shrank
Inlet,IT2,IT_3,67,13.07,fall_2022,0.42,grew
Inlet,IT2,IT_3,81,39.18,fall_2022,-0.48,shrank
Inlet,IT2,IT_3,84,168.26,fall_2022,5.09,grew
Inlet,IT2,IT_3,92,120.97,fall_2022,-0.24,shrank
Inlet,IT2,IT_3,95,154.86,fall_2022,7.09,grew
Inlet,IT2,IT_3,98,31.4,fall_2022,-0.41,shrank
Inlet,IT2,IT_3,112,33.96,fall_2022,-0.61,shrank
Inlet,IT2,IT_3,128,15.62,fall_2022,-0.62,shrank
Inlet,IT2,IT_3,129,12.84,fall_2022,0.41,grew
Inlet,IT2,IT_3,6,82.12,fall_2022,-34.87,shrank
Inlet,IT2,IT_3,13,19.68,fall_2022,-8.03,shrank
Inlet,IT2,IT_3,18,1.49,fall_2022,-0.68,shrank
Inlet,IT2,IT_3,27,22.02,fall_2022,-1.13,shrank
Inlet,IT2,IT_3,41,20.68,fall_2022,-27.81,shrank
Inlet,IT2,IT_3,45,84.4,fall_2022,-22.8,shrank
Inlet,IT2,IT_3,47,62.52,fall_2022,-16.03,shrank
Inlet,IT2,IT_3,51,52.43,fall_2022,-9.86,shrank
Inlet,IT2,IT_3,59,5.67,fall_2022,-0.97,shrank
Inlet,IT2,IT_3,64,63.2,fall_2022,-52.96,shrank
Inlet,IT2,IT_3,66,88.14,fall_2022,-48.61,shrank
Inlet,IT2,IT_3,82,35.51,fall_2022,-22.37,shrank
Inlet,IT2,IT_3,87,46.75,fall_2022,-4.53,shrank
Inlet,IT2,IT_3,96,32.62,fall_2022,-6.74,shrank
Inlet,IT2,IT_3,99,18.45,fall_2022,-22.19,shrank
Inlet,IT2,IT_3,101,12.33,fall_2022,-19.74,shrank
Inlet,IT2,IT_3,109,56.28,fall_2022,-57.96,shrank
Inlet,IT2,IT_3,110,20.46,fall_2022,-26.68,shrank
Inlet,IT2,IT_3,114,61.41,fall_2022,-4.17,shrank
Inlet,IT2,IT_3,118,35.43,fall_2022,-9.02,shrank
Inlet,IT2,IT_3,122,25.27,fall_2022,-2.02,shrank
Inlet,IT2,IT_3,123,47.1,fall_2022,-2.59,shrank
Inlet,IT2,IT_3,125,69.42,fall_2022,-27.96,shrank
Inlet,IT2,IT_3,133,9.54,fall_2022,-11.38,shrank
Inlet,IT2,IT_3,136,4.75,fall_2022,-2.59,shrank
Inlet,IT2,IT_3,141,31.73,fall_2022,-30.46,shrank
Inlet,IT2,IT_3,156,97.04,fall_2022,-24.09,shrank
Inlet,IT3,IT_1,2,73.64,fall_2022,15.57,grew
Inlet,IT3,IT_1,6,52.62,fall_2022,13.84,grew
Inlet,IT3,IT_1,7,67.5,fall_2022,20.02,grew
Inlet,IT3,IT_1,8,59.49,fall_2022,17.58,grew
Inlet,IT3,IT_1,9,79.39,fall_2022,35.14,grew
Inlet,IT3,IT_1,10,42.21,fall_2022,21.57,grew
Inlet,IT3,IT_1,11,29.19,fall_2022,12,grew
Inlet,IT3,IT_1,28,88.16,fall_2022,30.19,grew
Inlet,IT3,IT_1,29,252.65,fall_2022,41.91,grew
Inlet,IT3,IT_1,33,15.9,fall_2022,4.11,grew
Inlet,IT3,IT_1,43,33.49,fall_2022,10.56,grew
Inlet,IT3,IT_1,44,24.41,fall_2022,6.34,grew
Inlet,IT3,IT_1,46,8.27,fall_2022,3.3,grew
Inlet,IT3,IT_1,50,85.75,fall_2022,15.83,grew
Inlet,IT3,IT_1,55,106.72,fall_2022,31.73,grew
Inlet,IT3,IT_1,48,65.97,fall_2022,-0.72,shrank
Inlet,IT3,IT_1,34,8.31,fall_2022,-0.95,shrank
Inlet,IT3,IT_1,45,81.78,fall_2022,-7.11,shrank
Inlet,IT3,IT_1,47,21.42,fall_2022,-2.22,shrank
Inlet,IT3,IT_1,49,69.76,fall_2022,-6.04,shrank
Haikou,HK1,HK_1,0,67.03,fall_2022,22.45,grew
Haikou,HK1,HK_1,1,39.24,fall_2022,20.19,grew
Haikou,HK1,HK_1,3,32.09,fall_2022,15.14,grew
Haikou,HK1,HK_1,4,25.95,fall_2022,9.93,grew
Haikou,HK1,HK_1,5,42.24,fall_2022,14.17,grew
Haikou,HK1,HK_1,6,34.97,fall_2022,18.99,grew
Haikou,HK1,HK_1,7,37.67,fall_2022,20.49,grew
Haikou,HK1,HK_1,8,54.02,fall_2022,7.9,grew
Haikou,HK1,HK_1,10,16.38,fall_2022,10.12,grew
Haikou,HK1,HK_1,11,30.06,fall_2022,16.01,grew
Haikou,HK1,HK_1,12,15.1,fall_2022,10.66,grew
Haikou,HK1,HK_1,13,37.86,fall_2022,11.37,grew
Haikou,HK1,HK_1,14,38.87,fall_2022,19.24,grew
Haikou,HK1,HK_1,15,13.63,fall_2022,7.85,grew
Haikou,HK1,HK_1,16,28.04,fall_2022,9.86,grew
Haikou,HK1,HK_1,17,8.55,fall_2022,4.9,grew
Haikou,HK2,HK_2,0,45.69,fall_2022,25.18,grew
Haikou,HK2,HK_2,2,73.72,fall_2022,40.47,grew
Haikou,HK2,HK_2,3,26.41,fall_2022,14.81,grew
Haikou,HK2,HK_2,5,54.88,fall_2022,25.54,grew
Haikou,HK2,HK_2,6,48.81,fall_2022,30.32,grew
Haikou,HK2,HK_2,11,19.99,fall_2022,1.66,grew
Haikou,HK2,HK_2,13,49.01,fall_2022,26.28,grew
Haikou,HK2,HK_2,15,42.61,fall_2022,16.26,grew
Haikou,HK2,HK_2,17,51.19,fall_2022,23.4,grew
Haikou,HK2,HK_2,19,39.49,fall_2022,14.32,grew
Haikou,HK2,HK_2,20,32.21,fall_2022,19.94,grew
Haikou,HK2,HK_2,22,32.79,fall_2022,23.22,grew
Haikou,HK2,HK_2,23,42.24,fall_2022,22.24,grew
Haikou,HK2,HK_2,24,27.85,fall_2022,19.46,grew
Haikou,HK2,HK_2,27,35.99,fall_2022,20.83,grew
Haikou,HK2,HK_2,29,22.04,fall_2022,1.25,grew
Haikou,HK2,HK_2,39,42.74,fall_2022,23.56,grew
Haikou,HK2,HK_2,45,23.93,fall_2022,11.55,grew
Haikou,HK2,HK_2,49,30.78,fall_2022,13.61,grew
Haikou,HK2,HK_2,50,21.42,fall_2022,2.72,grew
Haikou,HK2,HK_2,52,51.4,fall_2022,29.57,grew
Haikou,HK2,HK_2,53,31.98,fall_2022,20.61,grew
Haikou,HK2,HK_2,54,35.52,fall_2022,18.48,grew
Haikou,HK2,HK_2,56,48.24,fall_2022,17.49,grew
Haikou,HK2,HK_2,57,50.16,fall_2022,16.99,grew
Haikou,HK2,HK_2,58,45.06,fall_2022,16.44,grew
Haikou,HK2,HK_2,59,32.49,fall_2022,4.13,grew
Haikou,HK2,HK_2,60,48.99,fall_2022,7.94,grew
Haikou,HK2,HK_2,62,12.5,fall_2022,7.58,grew
Haikou,HK2,HK_2,64,68.36,fall_2022,12.87,grew
Haikou,HK2,HK_2,67,66.07,fall_2022,27.22,grew
Haikou,HK2,HK_2,68,11.26,fall_2022,8.51,grew
Haikou,HK2,HK_2,70,37.63,fall_2022,12.16,grew
Haikou,HK2,HK_2,71,45.98,fall_2022,7.83,grew
Haikou,HK2,HK_2,74,59.05,fall_2022,15.77,grew
Haikou,HK2,HK_2,75,41.58,fall_2022,20.26,grew
Haikou,HK2,HK_2,76,27.15,fall_2022,9.53,grew
Haikou,HK2,HK_2,77,34.92,fall_2022,20.25,grew
Haikou,HK2,HK_2,78,32.74,fall_2022,17.81,grew
Haikou,HK2,HK_2,80,54.64,fall_2022,15.52,grew
Haikou,HK2,HK_2,82,23.84,fall_2022,16.95,grew
Haikou,HK2,HK_2,86,20.76,fall_2022,9.11,grew
Haikou,HK2,HK_2,88,67.06,fall_2022,23.71,grew
Haikou,HK2,HK_2,90,27.45,fall_2022,10.43,grew
Haikou,HK2,HK_2,94,49.87,fall_2022,27.3,grew
Haikou,HK2,HK_2,99,31.64,fall_2022,15.57,grew
Haikou,HK2,HK_2,100,46.7,fall_2022,24.74,grew
Haikou,HK2,HK_2,102,68.97,fall_2022,31.36,grew
Haikou,HK2,HK_2,103,52.93,fall_2022,32.41,grew
Haikou,HK2,HK_2,104,48.74,fall_2022,26.98,grew
Haikou,HK2,HK_2,105,20.49,fall_2022,7.97,grew
Haikou,HK2,HK_2,106,65.32,fall_2022,23.77,grew
Haikou,HK2,HK_2,108,26.88,fall_2022,8.95,grew
Haikou,HK2,HK_2,109,60.98,fall_2022,22.45,grew
Haikou,HK2,HK_2,10,22.4,fall_2022,0,shrank
Haikou,HK2,HK_2,26,25.82,fall_2022,0.58,grew
Haikou,HK2,HK_2,61,14.5,fall_2022,0,shrank
Haikou,HK2,HK_2,84,41.61,fall_2022,0,shrank
Haikou,HK2,HK_2,92,13.74,fall_2022,0,shrank
Haikou,HK2,HK_2,95,19.25,fall_2022,0,shrank
Haikou,HK2,HK_2,96,19.24,fall_2022,0,shrank
Haikou,HK2,HK_2,97,16.67,fall_2022,0,shrank
Haikou,HK2,HK_2,98,5.66,fall_2022,0,shrank
Haikou,HK2,HK_2,101,15.35,fall_2022,0,shrank
Haikou,HK2,HK_2,107,36.43,fall_2022,-0.76,shrank
Haikou,HK2,HK_2,25,45.17,fall_2022,-6.01,shrank
Haikou,HK2,HK_2,30,37.67,fall_2022,-11.47,shrank
Haikou,HK2,HK_2,35,14.68,fall_2022,-7.2,shrank
Haikou,HK2,HK_2,51,8.83,fall_2022,-38.61,shrank
Haikou,HK2,HK_2,55,15.93,fall_2022,-1.38,shrank
Haikou,HK2,HK_2,63,23.97,fall_2022,-8.49,shrank
Haikou,HK2,HK_2,72,9.96,fall_2022,-4.8,shrank
Haikou,HK2,HK_2,83,26.4,fall_2022,-5.58,shrank
Haikou,HK2,HK_2,85,18.14,fall_2022,-3.53,shrank
Haikou,HK3,HK_3,4,47.88,fall_2022,11.39,grew
Haikou,HK3,HK_3,6,29.53,fall_2022,15.91,grew
Haikou,HK3,HK_3,10,26.97,fall_2022,20.42,grew
Haikou,HK3,HK_3,12,40.3,fall_2022,23.33,grew
Haikou,HK3,HK_3,19,17.16,fall_2022,11.8,grew
Haikou,HK3,HK_3,24,38.62,fall_2022,18.22,grew
Haikou,HK3,HK_3,25,17.11,fall_2022,12.16,grew
Haikou,HK3,HK_3,26,64.39,fall_2022,15.18,grew
Haikou,HK3,HK_3,27,21.76,fall_2022,10.29,grew
Haikou,HK3,HK_3,29,51.65,fall_2022,18.33,grew
Haikou,HK3,HK_3,30,68.96,fall_2022,26.64,grew
Haikou,HK3,HK_3,33,14.59,fall_2022,10.76,grew
Haikou,HK3,HK_3,34,28.24,fall_2022,15.99,grew
Haikou,HK3,HK_3,36,13.37,fall_2022,3.26,grew
Haikou,HK3,HK_3,35,5.37,fall_2022,-4.78,shrank
Haikou,HK3,HK_3,35,5.52,fall_2022,-4.63,shrank
Haikou,HK3,HK_3,31,65.47,fall_2022,2.98,grew
Haikou,HK3,HK_3,13,7.77,fall_2022,-0.94,shrank
