site,plot_id,plot,season,scale,rugosity
Outlet,OT1,OT_5,Fall,10cm,1.376412955
Outlet,OT1,OT_5,Fall,10cm,1.348312552
Outlet,OT1,OT_5,Fall,10cm,1.450294668
Outlet,OT1,OT_5,Fall,10cm,1.417055803
Outlet,OT1,OT_5,Fall,10cm,1.454456843
Outlet,OT1,OT_5,Fall,10cm,1.443668612
Outlet,OT1,OT_5,Fall,10cm,1.442302071
Outlet,OT1,OT_5,Fall,10cm,1.389082265
Outlet,OT1,OT_5,Fall,10cm,1.346549193
Outlet,OT1,OT_5,Fall,10cm,1.309034731
Outlet,OT1,OT_5,Fall,10cm,1.409738452
Outlet,OT1,OT_5,Fall,10cm,1.359978314
Outlet,OT1,OT_5,Fall,10cm,1.381600932
Outlet,OT1,OT_5,Fall,10cm,1.389145268
Outlet,OT1,OT_5,Fall,10cm,1.395827603
Outlet,OT1,OT_5,Fall,10cm,1.379354201
Outlet,OT1,OT_5,Fall,10cm,1.36314817
Outlet,OT1,OT_5,Fall,10cm,1.373781623
Outlet,OT1,OT_5,Fall,10cm,1.375313841
Outlet,OT1,OT_5,Fall,10cm,1.378460962
Outlet,OT1,OT_5,Fall,10cm,1.364063946
Outlet,OT1,OT_5,Fall,10cm,1.360895525
Outlet,OT1,OT_5,Fall,10cm,1.359720207
Outlet,OT1,OT_5,Fall,10cm,1.329894451
Outlet,OT1,OT_5,Fall,10cm,1.313989526
Outlet,OT1,OT_5,Fall,10cm,1.371374552
Outlet,OT1,OT_5,Fall,10cm,1.355210596
Outlet,OT1,OT_5,Fall,10cm,1.379184629
Outlet,OT1,OT_5,Fall,10cm,1.324704597
Outlet,OT1,OT_5,Fall,10cm,1.273866115
Outlet,OT1,OT_5,Fall,10cm,1.250301931
Outlet,OT1,OT_5,Fall,10cm,1.236738295
Outlet,OT1,OT_5,Fall,10cm,1.189120838
Outlet,OT1,OT_5,Fall,10cm,1.171362265
Outlet,OT1,OT_5,Fall,10cm,1.149715366
Outlet,OT1,OT_5,Fall,10cm,1.156817289
Outlet,OT1,OT_5,Fall,10cm,1.142856611
Outlet,OT1,OT_5,Fall,10cm,1.148396261
Outlet,OT1,OT_5,Fall,10cm,1.145736637
Outlet,OT1,OT_5,Fall,10cm,1.145182242
Outlet,OT1,OT_5,Fall,10cm,1.202869793
Outlet,OT1,OT_5,Fall,10cm,1.215259244
Outlet,OT1,OT_5,Fall,10cm,1.193151581
Outlet,OT1,OT_5,Fall,10cm,1.20882322
Outlet,OT1,OT_5,Fall,10cm,1.216505968
Outlet,OT1,OT_5,Fall,10cm,1.209660127
Outlet,OT1,OT_5,Fall,10cm,1.229913167
Outlet,OT1,OT_5,Fall,10cm,1.25300513
Outlet,OT1,OT_5,Fall,10cm,1.29755511
Outlet,OT1,OT_5,Fall,10cm,1.37131273
Outlet,OT1,OT_5,Fall,10cm,1.375509228
Outlet,OT1,OT_5,Fall,10cm,1.389479453
Outlet,OT1,OT_5,Fall,10cm,1.405455488
Outlet,OT1,OT_5,Fall,10cm,1.414158814
Outlet,OT1,OT_5,Fall,10cm,1.428015649
Outlet,OT1,OT_5,Fall,10cm,1.457599984
Outlet,OT1,OT_5,Fall,10cm,1.530409811
Outlet,OT1,OT_5,Fall,10cm,1.460598498
Outlet,OT1,OT_5,Fall,10cm,1.469668573
Outlet,OT1,OT_5,Fall,10cm,1.495887527
Outlet,OT1,OT_5,Fall,10cm,1.453049799
Outlet,OT1,OT_5,Fall,10cm,1.400110772
Outlet,OT1,OT_5,Fall,10cm,1.475291288
Outlet,OT1,OT_5,Fall,10cm,1.415425248
Outlet,OT1,OT_5,Fall,10cm,1.429887177
Outlet,OT1,OT_5,Fall,10cm,1.419365352
Outlet,OT1,OT_5,Fall,10cm,1.397636289
Outlet,OT1,OT_5,Fall,10cm,1.382508233
Outlet,OT1,OT_5,Fall,10cm,1.407533399
Outlet,OT1,OT_5,Fall,10cm,1.394353366
Outlet,OT1,OT_5,Fall,10cm,1.386397891
Outlet,OT1,OT_5,Fall,10cm,1.382703675
Outlet,OT1,OT_5,Fall,10cm,1.3393164
Outlet,OT1,OT_5,Fall,10cm,1.521540243
Outlet,OT1,OT_5,Fall,10cm,1.553985642
Outlet,OT1,OT_5,Fall,10cm,1.509525928
Outlet,OT1,OT_5,Fall,10cm,1.416826996
Outlet,OT1,OT_5,Fall,10cm,1.462382297
Outlet,OT1,OT_5,Fall,10cm,1.546257781
Outlet,OT1,OT_5,Fall,10cm,1.506784216
Outlet,OT1,OT_5,Fall,10cm,1.516698481
Outlet,OT1,OT_5,Fall,10cm,1.552236951
Outlet,OT1,OT_5,Fall,10cm,1.537703792
Outlet,OT1,OT_5,Fall,10cm,1.533571596
Outlet,OT1,OT_5,Fall,10cm,1.451585853
Outlet,OT1,OT_5,Fall,10cm,1.452049114
Outlet,OT1,OT_5,Fall,10cm,1.475608897
Outlet,OT1,OT_5,Fall,10cm,1.478998839
Outlet,OT1,OT_5,Fall,10cm,1.498392857
Outlet,OT1,OT_5,Fall,10cm,1.528371634
Outlet,OT1,OT_5,Fall,10cm,1.548737902
Outlet,OT1,OT_5,Fall,10cm,1.616866377
Outlet,OT1,OT_5,Fall,10cm,1.614162722
Outlet,OT1,OT_5,Fall,10cm,1.565432035
Outlet,OT1,OT_5,Fall,10cm,1.539312653
Outlet,OT1,OT_5,Fall,10cm,1.459721359
Outlet,OT1,OT_5,Fall,10cm,1.421618012
Outlet,OT1,OT_5,Fall,10cm,1.408808783
Outlet,OT1,OT_5,Fall,10cm,1.309071879
Outlet,OT1,OT_5,Fall,10cm,1.319972852
Outlet,OT1,OT_5,Spring,10cm,1.436735292
Outlet,OT1,OT_5,Spring,10cm,1.356865073
Outlet,OT1,OT_5,Spring,10cm,1.430336321
Outlet,OT1,OT_5,Spring,10cm,1.382877143
Outlet,OT1,OT_5,Spring,10cm,1.416579191
Outlet,OT1,OT_5,Spring,10cm,1.393160753
Outlet,OT1,OT_5,Spring,10cm,1.410329743
Outlet,OT1,OT_5,Spring,10cm,1.400864075
Outlet,OT1,OT_5,Spring,10cm,1.366954898
Outlet,OT1,OT_5,Spring,10cm,1.317002932
Outlet,OT1,OT_5,Spring,10cm,1.358745064
Outlet,OT1,OT_5,Spring,10cm,1.343983974
Outlet,OT1,OT_5,Spring,10cm,1.38903503
Outlet,OT1,OT_5,Spring,10cm,1.358231155
Outlet,OT1,OT_5,Spring,10cm,1.369794723
Outlet,OT1,OT_5,Spring,10cm,1.367663339
Outlet,OT1,OT_5,Spring,10cm,1.357867704
Outlet,OT1,OT_5,Spring,10cm,1.35910923
Outlet,OT1,OT_5,Spring,10cm,1.390178366
Outlet,OT1,OT_5,Spring,10cm,1.382578746
Outlet,OT1,OT_5,Spring,10cm,1.375476946
Outlet,OT1,OT_5,Spring,10cm,1.358796943
Outlet,OT1,OT_5,Spring,10cm,1.347101313
Outlet,OT1,OT_5,Spring,10cm,1.326171291
Outlet,OT1,OT_5,Spring,10cm,1.330281639
Outlet,OT1,OT_5,Spring,10cm,1.343008684
Outlet,OT1,OT_5,Spring,10cm,1.359601048
Outlet,OT1,OT_5,Spring,10cm,1.397381305
Outlet,OT1,OT_5,Spring,10cm,1.305350385
Outlet,OT1,OT_5,Spring,10cm,1.27688451
Outlet,OT1,OT_5,Spring,10cm,1.223418755
Outlet,OT1,OT_5,Spring,10cm,1.224477445
Outlet,OT1,OT_5,Spring,10cm,1.184784336
Outlet,OT1,OT_5,Spring,10cm,1.164207295
Outlet,OT1,OT_5,Spring,10cm,1.144724259
Outlet,OT1,OT_5,Spring,10cm,1.130187295
Outlet,OT1,OT_5,Spring,10cm,1.176579673
Outlet,OT1,OT_5,Spring,10cm,1.18033175
Outlet,OT1,OT_5,Spring,10cm,1.173895397
Outlet,OT1,OT_5,Spring,10cm,1.168969031
Outlet,OT1,OT_5,Spring,10cm,1.188639634
Outlet,OT1,OT_5,Spring,10cm,1.187878895
Outlet,OT1,OT_5,Spring,10cm,1.201929181
Outlet,OT1,OT_5,Spring,10cm,1.209807085
Outlet,OT1,OT_5,Spring,10cm,1.232890439
Outlet,OT1,OT_5,Spring,10cm,1.230803865
Outlet,OT1,OT_5,Spring,10cm,1.249203171
Outlet,OT1,OT_5,Spring,10cm,1.264333615
Outlet,OT1,OT_5,Spring,10cm,1.296535572
Outlet,OT1,OT_5,Spring,10cm,1.336732237
Outlet,OT1,OT_5,Spring,10cm,1.359284963
Outlet,OT1,OT_5,Spring,10cm,1.370068054
Outlet,OT1,OT_5,Spring,10cm,1.385167682
Outlet,OT1,OT_5,Spring,10cm,1.391525485
Outlet,OT1,OT_5,Spring,10cm,1.442492348
Outlet,OT1,OT_5,Spring,10cm,1.456897528
Outlet,OT1,OT_5,Spring,10cm,1.443436978
Outlet,OT1,OT_5,Spring,10cm,1.417923686
Outlet,OT1,OT_5,Spring,10cm,1.472697227
Outlet,OT1,OT_5,Spring,10cm,1.507063698
Outlet,OT1,OT_5,Spring,10cm,1.416766524
Outlet,OT1,OT_5,Spring,10cm,1.37093807
Outlet,OT1,OT_5,Spring,10cm,1.36497115
Outlet,OT1,OT_5,Spring,10cm,1.42923774
Outlet,OT1,OT_5,Spring,10cm,1.419585834
Outlet,OT1,OT_5,Spring,10cm,1.384607995
Outlet,OT1,OT_5,Spring,10cm,1.387284751
Outlet,OT1,OT_5,Spring,10cm,1.380728916
Outlet,OT1,OT_5,Spring,10cm,1.385735683
Outlet,OT1,OT_5,Spring,10cm,1.352037361
Outlet,OT1,OT_5,Spring,10cm,1.373515591
Outlet,OT1,OT_5,Spring,10cm,1.352771111
Outlet,OT1,OT_5,Spring,10cm,1.338847479
Outlet,OT1,OT_5,Spring,10cm,1.514007195
Outlet,OT1,OT_5,Spring,10cm,1.541201422
Outlet,OT1,OT_5,Spring,10cm,1.530955815
Outlet,OT1,OT_5,Spring,10cm,1.424277746
Outlet,OT1,OT_5,Spring,10cm,1.477293792
Outlet,OT1,OT_5,Spring,10cm,1.582390546
Outlet,OT1,OT_5,Spring,10cm,1.628057388
Outlet,OT1,OT_5,Spring,10cm,1.446238114
Outlet,OT1,OT_5,Spring,10cm,1.46189628
Outlet,OT1,OT_5,Spring,10cm,1.468735349
Outlet,OT1,OT_5,Spring,10cm,1.49999828
Outlet,OT1,OT_5,Spring,10cm,1.404810842
Outlet,OT1,OT_5,Spring,10cm,1.428093434
Outlet,OT1,OT_5,Spring,10cm,1.447928884
Outlet,OT1,OT_5,Spring,10cm,1.467111498
Outlet,OT1,OT_5,Spring,10cm,1.476813112
Outlet,OT1,OT_5,Spring,10cm,1.514872971
Outlet,OT1,OT_5,Spring,10cm,1.609035814
Outlet,OT1,OT_5,Spring,10cm,1.63974373
Outlet,OT1,OT_5,Spring,10cm,1.580631826
Outlet,OT1,OT_5,Spring,10cm,1.587007398
Outlet,OT1,OT_5,Spring,10cm,1.560607074
Outlet,OT1,OT_5,Spring,10cm,1.539303342
Outlet,OT1,OT_5,Spring,10cm,1.419478081
Outlet,OT1,OT_5,Spring,10cm,1.41626649
Outlet,OT1,OT_5,Spring,10cm,1.305694062
Outlet,OT1,OT_5,Spring,10cm,1.329835901
Outlet,OT2,OT_4,Fall,10cm,1.577065599
Outlet,OT2,OT_4,Fall,10cm,1.536529706
Outlet,OT2,OT_4,Fall,10cm,1.630244809
Outlet,OT2,OT_4,Fall,10cm,1.490841154
Outlet,OT2,OT_4,Fall,10cm,1.442507142
Outlet,OT2,OT_4,Fall,10cm,1.51801968
Outlet,OT2,OT_4,Fall,10cm,1.469466973
Outlet,OT2,OT_4,Fall,10cm,1.423402059
Outlet,OT2,OT_4,Fall,10cm,1.421250581
Outlet,OT2,OT_4,Fall,10cm,1.38757373
Outlet,OT2,OT_4,Fall,10cm,1.381434735
Outlet,OT2,OT_4,Fall,10cm,1.423996317
Outlet,OT2,OT_4,Fall,10cm,1.423871979
Outlet,OT2,OT_4,Fall,10cm,1.414839447
Outlet,OT2,OT_4,Fall,10cm,1.56873898
Outlet,OT2,OT_4,Fall,10cm,1.80470268
Outlet,OT2,OT_4,Fall,10cm,1.633013235
Outlet,OT2,OT_4,Fall,10cm,1.753035665
Outlet,OT2,OT_4,Fall,10cm,1.77994657
Outlet,OT2,OT_4,Fall,10cm,1.497567433
Outlet,OT2,OT_4,Fall,10cm,1.475331567
Outlet,OT2,OT_4,Fall,10cm,1.626427662
Outlet,OT2,OT_4,Fall,10cm,1.548751252
Outlet,OT2,OT_4,Fall,10cm,1.795527899
Outlet,OT2,OT_4,Fall,10cm,1.808632108
Outlet,OT2,OT_4,Fall,10cm,1.682905164
Outlet,OT2,OT_4,Fall,10cm,1.691958934
Outlet,OT2,OT_4,Fall,10cm,1.784134009
Outlet,OT2,OT_4,Fall,10cm,1.749001287
Outlet,OT2,OT_4,Fall,10cm,1.74156774
Outlet,OT2,OT_4,Fall,10cm,1.508007031
Outlet,OT2,OT_4,Fall,10cm,1.937684559
Outlet,OT2,OT_4,Fall,10cm,1.640658705
Outlet,OT2,OT_4,Fall,10cm,1.557529921
Outlet,OT2,OT_4,Fall,10cm,1.75515251
Outlet,OT2,OT_4,Fall,10cm,1.513359356
Outlet,OT2,OT_4,Fall,10cm,1.497350151
Outlet,OT2,OT_4,Fall,10cm,1.443176706
Outlet,OT2,OT_4,Fall,10cm,1.507248967
Outlet,OT2,OT_4,Fall,10cm,1.465138299
Outlet,OT2,OT_4,Fall,10cm,1.481494659
Outlet,OT2,OT_4,Fall,10cm,1.490831998
Outlet,OT2,OT_4,Fall,10cm,1.545773542
Outlet,OT2,OT_4,Fall,10cm,1.57789004
Outlet,OT2,OT_4,Fall,10cm,1.627108982
Outlet,OT2,OT_4,Fall,10cm,1.577719053
Outlet,OT2,OT_4,Fall,10cm,1.573324112
Outlet,OT2,OT_4,Fall,10cm,1.57535358
Outlet,OT2,OT_4,Fall,10cm,1.577976173
Outlet,OT2,OT_4,Fall,10cm,1.558995463
Outlet,OT2,OT_4,Fall,10cm,1.466914973
Outlet,OT2,OT_4,Fall,10cm,1.455270378
Outlet,OT2,OT_4,Fall,10cm,1.495935032
Outlet,OT2,OT_4,Fall,10cm,1.505028902
Outlet,OT2,OT_4,Fall,10cm,1.505704268
Outlet,OT2,OT_4,Fall,10cm,1.466436857
Outlet,OT2,OT_4,Fall,10cm,1.445924409
Outlet,OT2,OT_4,Fall,10cm,1.537571233
Outlet,OT2,OT_4,Fall,10cm,1.44327652
Outlet,OT2,OT_4,Fall,10cm,1.475865753
Outlet,OT2,OT_4,Fall,10cm,1.402954217
Outlet,OT2,OT_4,Fall,10cm,1.492492419
Outlet,OT2,OT_4,Fall,10cm,1.489498722
Outlet,OT2,OT_4,Fall,10cm,1.498850636
Outlet,OT2,OT_4,Fall,10cm,1.534623772
Outlet,OT2,OT_4,Fall,10cm,1.465045441
Outlet,OT2,OT_4,Fall,10cm,1.499074212
Outlet,OT2,OT_4,Fall,10cm,1.430635946
Outlet,OT2,OT_4,Fall,10cm,1.491585341
Outlet,OT2,OT_4,Fall,10cm,1.586928794
Outlet,OT2,OT_4,Fall,10cm,1.54438165
Outlet,OT2,OT_4,Fall,10cm,1.485687837
Outlet,OT2,OT_4,Fall,10cm,1.509778838
Outlet,OT2,OT_4,Fall,10cm,1.488249776
Outlet,OT2,OT_4,Fall,10cm,1.484907573
Outlet,OT2,OT_4,Fall,10cm,1.345196391
Outlet,OT2,OT_4,Fall,10cm,1.428532773
Outlet,OT2,OT_4,Fall,10cm,1.317965032
Outlet,OT2,OT_4,Fall,10cm,1.302956525
Outlet,OT2,OT_4,Fall,10cm,1.389444041
Outlet,OT2,OT_4,Fall,10cm,1.287185409
Outlet,OT2,OT_4,Fall,10cm,1.395388702
Outlet,OT2,OT_4,Fall,10cm,1.395599939
Outlet,OT2,OT_4,Fall,10cm,1.591720974
Outlet,OT2,OT_4,Fall,10cm,1.706882698
Outlet,OT2,OT_4,Fall,10cm,1.497793089
Outlet,OT2,OT_4,Fall,10cm,1.602277449
Outlet,OT2,OT_4,Fall,10cm,1.488655578
Outlet,OT2,OT_4,Fall,10cm,1.49177561
Outlet,OT2,OT_4,Fall,10cm,1.420801366
Outlet,OT2,OT_4,Fall,10cm,1.677201191
Outlet,OT2,OT_4,Fall,10cm,1.629840718
Outlet,OT2,OT_4,Fall,10cm,1.641245999
Outlet,OT2,OT_4,Fall,10cm,1.610207905
Outlet,OT2,OT_4,Fall,10cm,1.720684595
Outlet,OT2,OT_4,Fall,10cm,1.652751067
Outlet,OT2,OT_4,Fall,10cm,1.784424014
Outlet,OT2,OT_4,Fall,10cm,1.814005932
Outlet,OT2,OT_4,Fall,10cm,2.073609854
Outlet,OT2,OT_4,Fall,10cm,2.132232815
Outlet,OT2,OT_4,Spring,10cm,1.531185033
Outlet,OT2,OT_4,Spring,10cm,1.57318235
Outlet,OT2,OT_4,Spring,10cm,1.489510684
Outlet,OT2,OT_4,Spring,10cm,1.464124128
Outlet,OT2,OT_4,Spring,10cm,1.429929967
Outlet,OT2,OT_4,Spring,10cm,1.517372715
Outlet,OT2,OT_4,Spring,10cm,1.486313466
Outlet,OT2,OT_4,Spring,10cm,1.451333557
Outlet,OT2,OT_4,Spring,10cm,1.397475117
Outlet,OT2,OT_4,Spring,10cm,1.385164043
Outlet,OT2,OT_4,Spring,10cm,1.366833975
Outlet,OT2,OT_4,Spring,10cm,1.397735861
Outlet,OT2,OT_4,Spring,10cm,1.424202572
Outlet,OT2,OT_4,Spring,10cm,1.416223596
Outlet,OT2,OT_4,Spring,10cm,1.574488206
Outlet,OT2,OT_4,Spring,10cm,1.689462996
Outlet,OT2,OT_4,Spring,10cm,1.582521352
Outlet,OT2,OT_4,Spring,10cm,1.762710053
Outlet,OT2,OT_4,Spring,10cm,1.749298353
Outlet,OT2,OT_4,Spring,10cm,1.491166935
Outlet,OT2,OT_4,Spring,10cm,1.544085211
Outlet,OT2,OT_4,Spring,10cm,1.679161249
Outlet,OT2,OT_4,Spring,10cm,1.558401652
Outlet,OT2,OT_4,Spring,10cm,1.435859526
Outlet,OT2,OT_4,Spring,10cm,1.690183261
Outlet,OT2,OT_4,Spring,10cm,1.711667228
Outlet,OT2,OT_4,Spring,10cm,1.611526314
Outlet,OT2,OT_4,Spring,10cm,1.499497491
Outlet,OT2,OT_4,Spring,10cm,1.352082483
Outlet,OT2,OT_4,Spring,10cm,1.458010582
Outlet,OT2,OT_4,Spring,10cm,1.486999385
Outlet,OT2,OT_4,Spring,10cm,1.571640506
Outlet,OT2,OT_4,Spring,10cm,1.470361271
Outlet,OT2,OT_4,Spring,10cm,1.50216045
Outlet,OT2,OT_4,Spring,10cm,1.424549894
Outlet,OT2,OT_4,Spring,10cm,1.423942341
Outlet,OT2,OT_4,Spring,10cm,1.511173486
Outlet,OT2,OT_4,Spring,10cm,1.384261353
Outlet,OT2,OT_4,Spring,10cm,1.463425306
Outlet,OT2,OT_4,Spring,10cm,1.461252129
Outlet,OT2,OT_4,Spring,10cm,1.495352746
Outlet,OT2,OT_4,Spring,10cm,1.507432488
Outlet,OT2,OT_4,Spring,10cm,1.534078545
Outlet,OT2,OT_4,Spring,10cm,1.54393333
Outlet,OT2,OT_4,Spring,10cm,1.734890721
Outlet,OT2,OT_4,Spring,10cm,1.601962604
Outlet,OT2,OT_4,Spring,10cm,1.501749104
Outlet,OT2,OT_4,Spring,10cm,1.563029812
Outlet,OT2,OT_4,Spring,10cm,1.549495875
Outlet,OT2,OT_4,Spring,10cm,1.539606502
Outlet,OT2,OT_4,Spring,10cm,1.541214935
Outlet,OT2,OT_4,Spring,10cm,1.454967566
Outlet,OT2,OT_4,Spring,10cm,1.466631507
Outlet,OT2,OT_4,Spring,10cm,1.500078695
Outlet,OT2,OT_4,Spring,10cm,1.484160111
Outlet,OT2,OT_4,Spring,10cm,1.460758689
Outlet,OT2,OT_4,Spring,10cm,1.434316584
Outlet,OT2,OT_4,Spring,10cm,1.463564445
Outlet,OT2,OT_4,Spring,10cm,1.427547519
Outlet,OT2,OT_4,Spring,10cm,1.45376453
Outlet,OT2,OT_4,Spring,10cm,1.408991359
Outlet,OT2,OT_4,Spring,10cm,1.448449143
Outlet,OT2,OT_4,Spring,10cm,1.424808822
Outlet,OT2,OT_4,Spring,10cm,1.403887077
Outlet,OT2,OT_4,Spring,10cm,1.451729718
Outlet,OT2,OT_4,Spring,10cm,1.490469525
Outlet,OT2,OT_4,Spring,10cm,1.511163125
Outlet,OT2,OT_4,Spring,10cm,1.395629517
Outlet,OT2,OT_4,Spring,10cm,1.460365737
Outlet,OT2,OT_4,Spring,10cm,1.491077175
Outlet,OT2,OT_4,Spring,10cm,1.502323151
Outlet,OT2,OT_4,Spring,10cm,1.486817122
Outlet,OT2,OT_4,Spring,10cm,1.444177288
Outlet,OT2,OT_4,Spring,10cm,1.428576471
Outlet,OT2,OT_4,Spring,10cm,1.252544405
Outlet,OT2,OT_4,Spring,10cm,1.331360201
Outlet,OT2,OT_4,Spring,10cm,1.265664438
Outlet,OT2,OT_4,Spring,10cm,1.306129382
Outlet,OT2,OT_4,Spring,10cm,1.279569133
Outlet,OT2,OT_4,Spring,10cm,1.286036787
Outlet,OT2,OT_4,Spring,10cm,1.430800177
Outlet,OT2,OT_4,Spring,10cm,1.377357937
Outlet,OT2,OT_4,Spring,10cm,1.392779704
Outlet,OT2,OT_4,Spring,10cm,1.515175945
Outlet,OT2,OT_4,Spring,10cm,1.48607751
Outlet,OT2,OT_4,Spring,10cm,1.491383159
Outlet,OT2,OT_4,Spring,10cm,1.513464038
Outlet,OT2,OT_4,Spring,10cm,1.521535363
Outlet,OT2,OT_4,Spring,10cm,1.624729496
Outlet,OT2,OT_4,Spring,10cm,1.418948398
Outlet,OT2,OT_4,Spring,10cm,1.40813839
Outlet,OT2,OT_4,Spring,10cm,1.371135569
Outlet,OT2,OT_4,Spring,10cm,1.669165916
Outlet,OT2,OT_4,Spring,10cm,1.873561318
Outlet,OT2,OT_4,Spring,10cm,1.592994477
Outlet,OT2,OT_4,Spring,10cm,1.754637951
Outlet,OT2,OT_4,Spring,10cm,1.840188708
Outlet,OT2,OT_4,Spring,10cm,1.867934464
Outlet,OT2,OT_4,Spring,10cm,1.921441641
Outlet,OT2,OT_4,Spring,10cm,2.323687894
Outlet,OT3,OT_3,Fall,10cm,1.221944246
Outlet,OT3,OT_3,Fall,10cm,1.236495144
Outlet,OT3,OT_3,Fall,10cm,1.221699405
Outlet,OT3,OT_3,Fall,10cm,1.190295613
Outlet,OT3,OT_3,Fall,10cm,1.285730774
Outlet,OT3,OT_3,Fall,10cm,1.307660797
Outlet,OT3,OT_3,Fall,10cm,1.295720645
Outlet,OT3,OT_3,Fall,10cm,1.360521768
Outlet,OT3,OT_3,Fall,10cm,1.212233525
Outlet,OT3,OT_3,Fall,10cm,1.219456954
Outlet,OT3,OT_3,Fall,10cm,1.130415393
Outlet,OT3,OT_3,Fall,10cm,1.120709409
Outlet,OT3,OT_3,Fall,10cm,1.106203303
Outlet,OT3,OT_3,Fall,10cm,1.099997089
Outlet,OT3,OT_3,Fall,10cm,1.103010514
Outlet,OT3,OT_3,Fall,10cm,1.13927681
Outlet,OT3,OT_3,Fall,10cm,1.141398329
Outlet,OT3,OT_3,Fall,10cm,1.141310868
Outlet,OT3,OT_3,Fall,10cm,1.201657053
Outlet,OT3,OT_3,Fall,10cm,1.18587766
Outlet,OT3,OT_3,Fall,10cm,1.233872103
Outlet,OT3,OT_3,Fall,10cm,1.247196109
Outlet,OT3,OT_3,Fall,10cm,1.229671036
Outlet,OT3,OT_3,Fall,10cm,1.228967206
Outlet,OT3,OT_3,Fall,10cm,1.221711664
Outlet,OT3,OT_3,Fall,10cm,1.208018166
Outlet,OT3,OT_3,Fall,10cm,1.23394883
Outlet,OT3,OT_3,Fall,10cm,1.219797748
Outlet,OT3,OT_3,Fall,10cm,1.273284441
Outlet,OT3,OT_3,Fall,10cm,1.234713451
Outlet,OT3,OT_3,Fall,10cm,1.211901785
Outlet,OT3,OT_3,Fall,10cm,1.193527225
Outlet,OT3,OT_3,Fall,10cm,1.201386578
Outlet,OT3,OT_3,Fall,10cm,1.210710322
Outlet,OT3,OT_3,Fall,10cm,1.251874078
Outlet,OT3,OT_3,Fall,10cm,1.24275316
Outlet,OT3,OT_3,Fall,10cm,1.264504545
Outlet,OT3,OT_3,Fall,10cm,1.2439135
Outlet,OT3,OT_3,Fall,10cm,1.247856516
Outlet,OT3,OT_3,Fall,10cm,1.263824287
Outlet,OT3,OT_3,Fall,10cm,1.289437096
Outlet,OT3,OT_3,Fall,10cm,1.289180276
Outlet,OT3,OT_3,Fall,10cm,1.297871642
Outlet,OT3,OT_3,Fall,10cm,1.33473747
Outlet,OT3,OT_3,Fall,10cm,1.353707462
Outlet,OT3,OT_3,Fall,10cm,1.55712653
Outlet,OT3,OT_3,Fall,10cm,1.510736263
Outlet,OT3,OT_3,Fall,10cm,1.510179345
Outlet,OT3,OT_3,Fall,10cm,1.532467282
Outlet,OT3,OT_3,Fall,10cm,1.54213561
Outlet,OT3,OT_3,Fall,10cm,1.54399086
Outlet,OT3,OT_3,Fall,10cm,1.597906785
Outlet,OT3,OT_3,Fall,10cm,1.608763801
Outlet,OT3,OT_3,Fall,10cm,1.603643276
Outlet,OT3,OT_3,Fall,10cm,1.614565979
Outlet,OT3,OT_3,Fall,10cm,1.626763919
Outlet,OT3,OT_3,Fall,10cm,1.624325554
Outlet,OT3,OT_3,Fall,10cm,1.469035097
Outlet,OT3,OT_3,Fall,10cm,1.721060724
Outlet,OT3,OT_3,Fall,10cm,1.749627095
Outlet,OT3,OT_3,Fall,10cm,1.514075925
Outlet,OT3,OT_3,Fall,10cm,1.684589586
Outlet,OT3,OT_3,Fall,10cm,1.541989816
Outlet,OT3,OT_3,Fall,10cm,1.561909271
Outlet,OT3,OT_3,Fall,10cm,1.598186812
Outlet,OT3,OT_3,Fall,10cm,1.598333153
Outlet,OT3,OT_3,Fall,10cm,1.707038014
Outlet,OT3,OT_3,Fall,10cm,1.742594349
Outlet,OT3,OT_3,Fall,10cm,1.761352628
Outlet,OT3,OT_3,Fall,10cm,1.710604222
Outlet,OT3,OT_3,Fall,10cm,1.539602722
Outlet,OT3,OT_3,Fall,10cm,1.742557266
Outlet,OT3,OT_3,Fall,10cm,1.675298641
Outlet,OT3,OT_3,Fall,10cm,1.60144242
Outlet,OT3,OT_3,Fall,10cm,1.660244988
Outlet,OT3,OT_3,Fall,10cm,1.618292072
Outlet,OT3,OT_3,Fall,10cm,1.623843311
Outlet,OT3,OT_3,Fall,10cm,1.660142729
Outlet,OT3,OT_3,Fall,10cm,1.6715927
Outlet,OT3,OT_3,Fall,10cm,1.568302302
Outlet,OT3,OT_3,Fall,10cm,1.57859312
Outlet,OT3,OT_3,Fall,10cm,1.586680711
Outlet,OT3,OT_3,Fall,10cm,1.529090154
Outlet,OT3,OT_3,Fall,10cm,1.500945257
Outlet,OT3,OT_3,Fall,10cm,1.465228082
Outlet,OT3,OT_3,Fall,10cm,1.502257186
Outlet,OT3,OT_3,Fall,10cm,1.475239524
Outlet,OT3,OT_3,Fall,10cm,1.500148681
Outlet,OT3,OT_3,Fall,10cm,1.537718085
Outlet,OT3,OT_3,Fall,10cm,1.547233496
Outlet,OT3,OT_3,Fall,10cm,1.586549715
Outlet,OT3,OT_3,Fall,10cm,1.572820253
Outlet,OT3,OT_3,Fall,10cm,1.481751349
Outlet,OT3,OT_3,Fall,10cm,1.472520751
Outlet,OT3,OT_3,Fall,10cm,1.431643355
Outlet,OT3,OT_3,Fall,10cm,1.427722651
Outlet,OT3,OT_3,Fall,10cm,1.425623992
Outlet,OT3,OT_3,Fall,10cm,1.432676165
Outlet,OT3,OT_3,Fall,10cm,1.41118092
Outlet,OT3,OT_3,Fall,10cm,1.41676441
Outlet,OT3,OT_3,Spring,10cm,1.229748729
Outlet,OT3,OT_3,Spring,10cm,1.233388032
Outlet,OT3,OT_3,Spring,10cm,1.223043591
Outlet,OT3,OT_3,Spring,10cm,1.342177858
Outlet,OT3,OT_3,Spring,10cm,1.217674682
Outlet,OT3,OT_3,Spring,10cm,1.341951879
Outlet,OT3,OT_3,Spring,10cm,1.320253183
Outlet,OT3,OT_3,Spring,10cm,1.177146788
Outlet,OT3,OT_3,Spring,10cm,1.175098812
Outlet,OT3,OT_3,Spring,10cm,1.218684583
Outlet,OT3,OT_3,Spring,10cm,1.137360504
Outlet,OT3,OT_3,Spring,10cm,1.152454213
Outlet,OT3,OT_3,Spring,10cm,1.105855142
Outlet,OT3,OT_3,Spring,10cm,1.090586882
Outlet,OT3,OT_3,Spring,10cm,1.107667601
Outlet,OT3,OT_3,Spring,10cm,1.150670008
Outlet,OT3,OT_3,Spring,10cm,1.138015834
Outlet,OT3,OT_3,Spring,10cm,1.176310903
Outlet,OT3,OT_3,Spring,10cm,1.203045894
Outlet,OT3,OT_3,Spring,10cm,1.179549457
Outlet,OT3,OT_3,Spring,10cm,1.24094138
Outlet,OT3,OT_3,Spring,10cm,1.261659575
Outlet,OT3,OT_3,Spring,10cm,1.222753103
Outlet,OT3,OT_3,Spring,10cm,1.242870588
Outlet,OT3,OT_3,Spring,10cm,1.237049931
Outlet,OT3,OT_3,Spring,10cm,1.217093161
Outlet,OT3,OT_3,Spring,10cm,1.21261941
Outlet,OT3,OT_3,Spring,10cm,1.236605946
Outlet,OT3,OT_3,Spring,10cm,1.274815941
Outlet,OT3,OT_3,Spring,10cm,1.273981162
Outlet,OT3,OT_3,Spring,10cm,1.244551963
Outlet,OT3,OT_3,Spring,10cm,1.211509039
Outlet,OT3,OT_3,Spring,10cm,1.191100898
Outlet,OT3,OT_3,Spring,10cm,1.208627011
Outlet,OT3,OT_3,Spring,10cm,1.260304998
Outlet,OT3,OT_3,Spring,10cm,1.25329123
Outlet,OT3,OT_3,Spring,10cm,1.242771738
Outlet,OT3,OT_3,Spring,10cm,1.235959169
Outlet,OT3,OT_3,Spring,10cm,1.250849705
Outlet,OT3,OT_3,Spring,10cm,1.253189034
Outlet,OT3,OT_3,Spring,10cm,1.2867955
Outlet,OT3,OT_3,Spring,10cm,1.32164808
Outlet,OT3,OT_3,Spring,10cm,1.322072626
Outlet,OT3,OT_3,Spring,10cm,1.341522688
Outlet,OT3,OT_3,Spring,10cm,1.371859467
Outlet,OT3,OT_3,Spring,10cm,1.517886743
Outlet,OT3,OT_3,Spring,10cm,1.508087447
Outlet,OT3,OT_3,Spring,10cm,1.520543155
Outlet,OT3,OT_3,Spring,10cm,1.541068136
Outlet,OT3,OT_3,Spring,10cm,1.537711275
Outlet,OT3,OT_3,Spring,10cm,1.555498478
Outlet,OT3,OT_3,Spring,10cm,1.574731398
Outlet,OT3,OT_3,Spring,10cm,1.604373147
Outlet,OT3,OT_3,Spring,10cm,1.579998206
Outlet,OT3,OT_3,Spring,10cm,1.643929591
Outlet,OT3,OT_3,Spring,10cm,1.624358996
Outlet,OT3,OT_3,Spring,10cm,1.632133024
Outlet,OT3,OT_3,Spring,10cm,1.602089868
Outlet,OT3,OT_3,Spring,10cm,1.640436765
Outlet,OT3,OT_3,Spring,10cm,1.819091989
Outlet,OT3,OT_3,Spring,10cm,1.559086187
Outlet,OT3,OT_3,Spring,10cm,1.557525164
Outlet,OT3,OT_3,Spring,10cm,1.539142937
Outlet,OT3,OT_3,Spring,10cm,1.545410385
Outlet,OT3,OT_3,Spring,10cm,1.602138555
Outlet,OT3,OT_3,Spring,10cm,1.592824296
Outlet,OT3,OT_3,Spring,10cm,1.687518069
Outlet,OT3,OT_3,Spring,10cm,1.762394113
Outlet,OT3,OT_3,Spring,10cm,1.691123208
Outlet,OT3,OT_3,Spring,10cm,1.85748228
Outlet,OT3,OT_3,Spring,10cm,1.568934368
Outlet,OT3,OT_3,Spring,10cm,1.5108219
Outlet,OT3,OT_3,Spring,10cm,1.672201035
Outlet,OT3,OT_3,Spring,10cm,1.578782626
Outlet,OT3,OT_3,Spring,10cm,1.692873441
Outlet,OT3,OT_3,Spring,10cm,1.675444044
Outlet,OT3,OT_3,Spring,10cm,1.636920601
Outlet,OT3,OT_3,Spring,10cm,1.681521877
Outlet,OT3,OT_3,Spring,10cm,1.621243075
Outlet,OT3,OT_3,Spring,10cm,1.595630104
Outlet,OT3,OT_3,Spring,10cm,1.605961129
Outlet,OT3,OT_3,Spring,10cm,1.579757975
Outlet,OT3,OT_3,Spring,10cm,1.536967329
Outlet,OT3,OT_3,Spring,10cm,1.510018084
Outlet,OT3,OT_3,Spring,10cm,1.503165462
Outlet,OT3,OT_3,Spring,10cm,1.47845828
Outlet,OT3,OT_3,Spring,10cm,1.476493074
Outlet,OT3,OT_3,Spring,10cm,1.51970592
Outlet,OT3,OT_3,Spring,10cm,1.542628525
Outlet,OT3,OT_3,Spring,10cm,1.542975574
Outlet,OT3,OT_3,Spring,10cm,1.527966963
Outlet,OT3,OT_3,Spring,10cm,1.556741979
Outlet,OT3,OT_3,Spring,10cm,1.462121218
Outlet,OT3,OT_3,Spring,10cm,1.434390395
Outlet,OT3,OT_3,Spring,10cm,1.419698002
Outlet,OT3,OT_3,Spring,10cm,1.423060078
Outlet,OT3,OT_3,Spring,10cm,1.434096529
Outlet,OT3,OT_3,Spring,10cm,1.454526413
Outlet,OT3,OT_3,Spring,10cm,1.425591331
Outlet,OT3,OT_3,Spring,10cm,1.420040613
Inlet,IT1,IT_4,Fall,10cm,1.416940404
Inlet,IT1,IT_4,Fall,10cm,1.386137417
Inlet,IT1,IT_4,Fall,10cm,1.482557387
Inlet,IT1,IT_4,Fall,10cm,1.387675551
Inlet,IT1,IT_4,Fall,10cm,1.408619658
Inlet,IT1,IT_4,Fall,10cm,1.420147109
Inlet,IT1,IT_4,Fall,10cm,1.529884313
Inlet,IT1,IT_4,Fall,10cm,1.359934217
Inlet,IT1,IT_4,Fall,10cm,1.279823015
Inlet,IT1,IT_4,Fall,10cm,1.34252789
Inlet,IT1,IT_4,Fall,10cm,1.29971362
Inlet,IT1,IT_4,Fall,10cm,1.396515032
Inlet,IT1,IT_4,Fall,10cm,1.461597797
Inlet,IT1,IT_4,Fall,10cm,1.31015119
Inlet,IT1,IT_4,Fall,10cm,1.31613789
Inlet,IT1,IT_4,Fall,10cm,1.346727112
Inlet,IT1,IT_4,Fall,10cm,1.437097257
Inlet,IT1,IT_4,Fall,10cm,1.33412301
Inlet,IT1,IT_4,Fall,10cm,1.433849388
Inlet,IT1,IT_4,Fall,10cm,1.465871223
Inlet,IT1,IT_4,Fall,10cm,1.432854104
Inlet,IT1,IT_4,Fall,10cm,1.402405053
Inlet,IT1,IT_4,Fall,10cm,1.350017554
Inlet,IT1,IT_4,Fall,10cm,1.412415839
Inlet,IT1,IT_4,Fall,10cm,1.415194209
Inlet,IT1,IT_4,Fall,10cm,1.388472295
Inlet,IT1,IT_4,Fall,10cm,1.448292302
Inlet,IT1,IT_4,Fall,10cm,1.424405352
Inlet,IT1,IT_4,Fall,10cm,1.467793455
Inlet,IT1,IT_4,Fall,10cm,1.359140372
Inlet,IT1,IT_4,Fall,10cm,1.384716437
Inlet,IT1,IT_4,Fall,10cm,1.441794424
Inlet,IT1,IT_4,Fall,10cm,1.325765162
Inlet,IT1,IT_4,Fall,10cm,1.33253762
Inlet,IT1,IT_4,Fall,10cm,1.346047482
Inlet,IT1,IT_4,Fall,10cm,1.339829272
Inlet,IT1,IT_4,Fall,10cm,1.323576814
Inlet,IT1,IT_4,Fall,10cm,1.283841594
Inlet,IT1,IT_4,Fall,10cm,1.47319244
Inlet,IT1,IT_4,Fall,10cm,1.468910064
Inlet,IT1,IT_4,Fall,10cm,1.278415255
Inlet,IT1,IT_4,Fall,10cm,1.245224903
Inlet,IT1,IT_4,Fall,10cm,1.275726253
Inlet,IT1,IT_4,Fall,10cm,1.260502813
Inlet,IT1,IT_4,Fall,10cm,1.305276817
Inlet,IT1,IT_4,Fall,10cm,1.332871207
Inlet,IT1,IT_4,Fall,10cm,1.30084234
Inlet,IT1,IT_4,Fall,10cm,1.329823378
Inlet,IT1,IT_4,Fall,10cm,1.317987306
Inlet,IT1,IT_4,Fall,10cm,1.287464961
Inlet,IT1,IT_4,Fall,10cm,1.281830494
Inlet,IT1,IT_4,Fall,10cm,1.328253518
Inlet,IT1,IT_4,Fall,10cm,1.342026735
Inlet,IT1,IT_4,Fall,10cm,1.416613195
Inlet,IT1,IT_4,Fall,10cm,1.364211317
Inlet,IT1,IT_4,Fall,10cm,1.364463951
Inlet,IT1,IT_4,Fall,10cm,1.271872368
Inlet,IT1,IT_4,Fall,10cm,1.314160559
Inlet,IT1,IT_4,Fall,10cm,1.362538379
Inlet,IT1,IT_4,Fall,10cm,1.315726986
Inlet,IT1,IT_4,Fall,10cm,1.297220713
Inlet,IT1,IT_4,Fall,10cm,1.28665123
Inlet,IT1,IT_4,Fall,10cm,1.235664993
Inlet,IT1,IT_4,Fall,10cm,1.196749086
Inlet,IT1,IT_4,Fall,10cm,1.225425236
Inlet,IT1,IT_4,Fall,10cm,1.270226029
Inlet,IT1,IT_4,Fall,10cm,1.312087006
Inlet,IT1,IT_4,Fall,10cm,1.311475974
Inlet,IT1,IT_4,Fall,10cm,1.282065205
Inlet,IT1,IT_4,Fall,10cm,1.265911359
Inlet,IT1,IT_4,Fall,10cm,1.187449436
Inlet,IT1,IT_4,Fall,10cm,1.25812093
Inlet,IT1,IT_4,Fall,10cm,1.202180702
Inlet,IT1,IT_4,Fall,10cm,1.30649068
Inlet,IT1,IT_4,Fall,10cm,1.274250791
Inlet,IT1,IT_4,Fall,10cm,1.302197623
Inlet,IT1,IT_4,Fall,10cm,1.314452835
Inlet,IT1,IT_4,Fall,10cm,1.325005011
Inlet,IT1,IT_4,Fall,10cm,1.260505864
Inlet,IT1,IT_4,Fall,10cm,1.25235809
Inlet,IT1,IT_4,Fall,10cm,1.264403428
Inlet,IT1,IT_4,Fall,10cm,1.253882559
Inlet,IT1,IT_4,Fall,10cm,1.265469776
Inlet,IT1,IT_4,Fall,10cm,1.274363882
Inlet,IT1,IT_4,Fall,10cm,1.314646732
Inlet,IT1,IT_4,Fall,10cm,1.310486425
Inlet,IT1,IT_4,Fall,10cm,1.337893524
Inlet,IT1,IT_4,Fall,10cm,1.322988291
Inlet,IT1,IT_4,Fall,10cm,1.265739747
Inlet,IT1,IT_4,Fall,10cm,1.250711042
Inlet,IT1,IT_4,Fall,10cm,1.24295766
Inlet,IT1,IT_4,Fall,10cm,1.39486362
Inlet,IT1,IT_4,Fall,10cm,1.387508705
Inlet,IT1,IT_4,Fall,10cm,1.349080719
Inlet,IT1,IT_4,Fall,10cm,1.233218064
Inlet,IT1,IT_4,Fall,10cm,1.242341334
Inlet,IT1,IT_4,Fall,10cm,1.203383195
Inlet,IT1,IT_4,Fall,10cm,1.16868893
Inlet,IT1,IT_4,Fall,10cm,1.13616817
Inlet,IT1,IT_4,Fall,10cm,1.152859038
Inlet,IT1,IT_4,Spring,10cm,1.420303402
Inlet,IT1,IT_4,Spring,10cm,1.384733481
Inlet,IT1,IT_4,Spring,10cm,1.408377053
Inlet,IT1,IT_4,Spring,10cm,1.389893252
Inlet,IT1,IT_4,Spring,10cm,1.360366143
Inlet,IT1,IT_4,Spring,10cm,1.37321413
Inlet,IT1,IT_4,Spring,10cm,1.338212694
Inlet,IT1,IT_4,Spring,10cm,1.343872108
Inlet,IT1,IT_4,Spring,10cm,1.307414633
Inlet,IT1,IT_4,Spring,10cm,1.354214666
Inlet,IT1,IT_4,Spring,10cm,1.345890055
Inlet,IT1,IT_4,Spring,10cm,1.392966116
Inlet,IT1,IT_4,Spring,10cm,1.510235244
Inlet,IT1,IT_4,Spring,10cm,1.370179068
Inlet,IT1,IT_4,Spring,10cm,1.371186525
Inlet,IT1,IT_4,Spring,10cm,1.325410966
Inlet,IT1,IT_4,Spring,10cm,1.318761754
Inlet,IT1,IT_4,Spring,10cm,1.32025547
Inlet,IT1,IT_4,Spring,10cm,1.461034086
Inlet,IT1,IT_4,Spring,10cm,1.347520249
Inlet,IT1,IT_4,Spring,10cm,1.427643531
Inlet,IT1,IT_4,Spring,10cm,1.353954814
Inlet,IT1,IT_4,Spring,10cm,1.365798208
Inlet,IT1,IT_4,Spring,10cm,1.365974455
Inlet,IT1,IT_4,Spring,10cm,1.390491944
Inlet,IT1,IT_4,Spring,10cm,1.376532526
Inlet,IT1,IT_4,Spring,10cm,1.37716489
Inlet,IT1,IT_4,Spring,10cm,1.454966799
Inlet,IT1,IT_4,Spring,10cm,1.446940941
Inlet,IT1,IT_4,Spring,10cm,1.393591094
Inlet,IT1,IT_4,Spring,10cm,1.256461788
Inlet,IT1,IT_4,Spring,10cm,1.244216199
Inlet,IT1,IT_4,Spring,10cm,1.270019557
Inlet,IT1,IT_4,Spring,10cm,1.255916425
Inlet,IT1,IT_4,Spring,10cm,1.328418233
Inlet,IT1,IT_4,Spring,10cm,1.266285979
Inlet,IT1,IT_4,Spring,10cm,1.293556634
Inlet,IT1,IT_4,Spring,10cm,1.355006659
Inlet,IT1,IT_4,Spring,10cm,1.503753727
Inlet,IT1,IT_4,Spring,10cm,1.477911198
Inlet,IT1,IT_4,Spring,10cm,1.265781308
Inlet,IT1,IT_4,Spring,10cm,1.211792466
Inlet,IT1,IT_4,Spring,10cm,1.229152523
Inlet,IT1,IT_4,Spring,10cm,1.292155732
Inlet,IT1,IT_4,Spring,10cm,1.305659331
Inlet,IT1,IT_4,Spring,10cm,1.330386878
Inlet,IT1,IT_4,Spring,10cm,1.302064709
Inlet,IT1,IT_4,Spring,10cm,1.350223571
Inlet,IT1,IT_4,Spring,10cm,1.30819365
Inlet,IT1,IT_4,Spring,10cm,1.314535314
Inlet,IT1,IT_4,Spring,10cm,1.306712984
Inlet,IT1,IT_4,Spring,10cm,1.326346238
Inlet,IT1,IT_4,Spring,10cm,1.36657967
Inlet,IT1,IT_4,Spring,10cm,1.392682441
Inlet,IT1,IT_4,Spring,10cm,1.340255152
Inlet,IT1,IT_4,Spring,10cm,1.367666526
Inlet,IT1,IT_4,Spring,10cm,1.272971802
Inlet,IT1,IT_4,Spring,10cm,1.317279846
Inlet,IT1,IT_4,Spring,10cm,1.352676014
Inlet,IT1,IT_4,Spring,10cm,1.31411184
Inlet,IT1,IT_4,Spring,10cm,1.30643144
Inlet,IT1,IT_4,Spring,10cm,1.289750922
Inlet,IT1,IT_4,Spring,10cm,1.246515512
Inlet,IT1,IT_4,Spring,10cm,1.221933513
Inlet,IT1,IT_4,Spring,10cm,1.27704874
Inlet,IT1,IT_4,Spring,10cm,1.293093456
Inlet,IT1,IT_4,Spring,10cm,1.317447571
Inlet,IT1,IT_4,Spring,10cm,1.311367394
Inlet,IT1,IT_4,Spring,10cm,1.279148682
Inlet,IT1,IT_4,Spring,10cm,1.259307844
Inlet,IT1,IT_4,Spring,10cm,1.185546514
Inlet,IT1,IT_4,Spring,10cm,1.229466596
Inlet,IT1,IT_4,Spring,10cm,1.19960822
Inlet,IT1,IT_4,Spring,10cm,1.291245258
Inlet,IT1,IT_4,Spring,10cm,1.263492468
Inlet,IT1,IT_4,Spring,10cm,1.33392706
Inlet,IT1,IT_4,Spring,10cm,1.286849328
Inlet,IT1,IT_4,Spring,10cm,1.301134991
Inlet,IT1,IT_4,Spring,10cm,1.267355755
Inlet,IT1,IT_4,Spring,10cm,1.224379976
Inlet,IT1,IT_4,Spring,10cm,1.20075382
Inlet,IT1,IT_4,Spring,10cm,1.225045406
Inlet,IT1,IT_4,Spring,10cm,1.232168092
Inlet,IT1,IT_4,Spring,10cm,1.27722468
Inlet,IT1,IT_4,Spring,10cm,1.309070494
Inlet,IT1,IT_4,Spring,10cm,1.29477554
Inlet,IT1,IT_4,Spring,10cm,1.360094426
Inlet,IT1,IT_4,Spring,10cm,1.294811682
Inlet,IT1,IT_4,Spring,10cm,1.242432655
Inlet,IT1,IT_4,Spring,10cm,1.234887294
Inlet,IT1,IT_4,Spring,10cm,1.25881412
Inlet,IT1,IT_4,Spring,10cm,1.403938548
Inlet,IT1,IT_4,Spring,10cm,1.366927172
Inlet,IT1,IT_4,Spring,10cm,1.302441465
Inlet,IT1,IT_4,Spring,10cm,1.225824463
Inlet,IT1,IT_4,Spring,10cm,1.235191541
Inlet,IT1,IT_4,Spring,10cm,1.202683911
Inlet,IT1,IT_4,Spring,10cm,1.15383553
Inlet,IT1,IT_4,Spring,10cm,1.1323337
Inlet,IT1,IT_4,Spring,10cm,1.110937128
Inlet,IT2,IT_3,Fall,10cm,1.14236494
Inlet,IT2,IT_3,Fall,10cm,1.176539928
Inlet,IT2,IT_3,Fall,10cm,1.114465149
Inlet,IT2,IT_3,Fall,10cm,1.1750547
Inlet,IT2,IT_3,Fall,10cm,1.175573847
Inlet,IT2,IT_3,Fall,10cm,1.140308022
Inlet,IT2,IT_3,Fall,10cm,1.09631786
Inlet,IT2,IT_3,Fall,10cm,1.11537288
Inlet,IT2,IT_3,Fall,10cm,1.188429704
Inlet,IT2,IT_3,Fall,10cm,1.188327591
Inlet,IT2,IT_3,Fall,10cm,1.215026982
Inlet,IT2,IT_3,Fall,10cm,1.25343782
Inlet,IT2,IT_3,Fall,10cm,1.263267657
Inlet,IT2,IT_3,Fall,10cm,1.136094503
Inlet,IT2,IT_3,Fall,10cm,1.233680337
Inlet,IT2,IT_3,Fall,10cm,1.233539586
Inlet,IT2,IT_3,Fall,10cm,1.205566147
Inlet,IT2,IT_3,Fall,10cm,1.143108243
Inlet,IT2,IT_3,Fall,10cm,1.208844621
Inlet,IT2,IT_3,Fall,10cm,1.098151516
Inlet,IT2,IT_3,Fall,10cm,1.172394269
Inlet,IT2,IT_3,Fall,10cm,1.147634719
Inlet,IT2,IT_3,Fall,10cm,1.128862727
Inlet,IT2,IT_3,Fall,10cm,1.122665261
Inlet,IT2,IT_3,Fall,10cm,1.193369708
Inlet,IT2,IT_3,Fall,10cm,1.203819245
Inlet,IT2,IT_3,Fall,10cm,1.181584684
Inlet,IT2,IT_3,Fall,10cm,1.217805215
Inlet,IT2,IT_3,Fall,10cm,1.214604669
Inlet,IT2,IT_3,Fall,10cm,1.163168801
Inlet,IT2,IT_3,Fall,10cm,1.192405903
Inlet,IT2,IT_3,Fall,10cm,1.176894182
Inlet,IT2,IT_3,Fall,10cm,1.267888044
Inlet,IT2,IT_3,Fall,10cm,1.281073708
Inlet,IT2,IT_3,Fall,10cm,1.288059253
Inlet,IT2,IT_3,Fall,10cm,1.288862224
Inlet,IT2,IT_3,Fall,10cm,1.258041558
Inlet,IT2,IT_3,Fall,10cm,1.241149862
Inlet,IT2,IT_3,Fall,10cm,1.206407255
Inlet,IT2,IT_3,Fall,10cm,1.17219573
Inlet,IT2,IT_3,Fall,10cm,1.165979507
Inlet,IT2,IT_3,Fall,10cm,1.21867363
Inlet,IT2,IT_3,Fall,10cm,1.200755756
Inlet,IT2,IT_3,Fall,10cm,1.169496222
Inlet,IT2,IT_3,Fall,10cm,1.173286876
Inlet,IT2,IT_3,Fall,10cm,1.155329396
Inlet,IT2,IT_3,Fall,10cm,1.147429146
Inlet,IT2,IT_3,Fall,10cm,1.194092498
Inlet,IT2,IT_3,Fall,10cm,1.18637503
Inlet,IT2,IT_3,Fall,10cm,1.111638398
Inlet,IT2,IT_3,Fall,10cm,1.124195323
Inlet,IT2,IT_3,Fall,10cm,1.1893759
Inlet,IT2,IT_3,Fall,10cm,1.235110145
Inlet,IT2,IT_3,Fall,10cm,1.16246816
Inlet,IT2,IT_3,Fall,10cm,1.166745568
Inlet,IT2,IT_3,Fall,10cm,1.18406401
Inlet,IT2,IT_3,Fall,10cm,1.161516943
Inlet,IT2,IT_3,Fall,10cm,1.219481967
Inlet,IT2,IT_3,Fall,10cm,1.243403239
Inlet,IT2,IT_3,Fall,10cm,1.235378441
Inlet,IT2,IT_3,Fall,10cm,1.288441249
Inlet,IT2,IT_3,Fall,10cm,1.291350456
Inlet,IT2,IT_3,Fall,10cm,1.295254738
Inlet,IT2,IT_3,Fall,10cm,1.267321623
Inlet,IT2,IT_3,Fall,10cm,1.255764429
Inlet,IT2,IT_3,Fall,10cm,1.227834763
Inlet,IT2,IT_3,Fall,10cm,1.226981661
Inlet,IT2,IT_3,Fall,10cm,1.25113387
Inlet,IT2,IT_3,Fall,10cm,1.188805999
Inlet,IT2,IT_3,Fall,10cm,1.294048968
Inlet,IT2,IT_3,Fall,10cm,1.235547151
Inlet,IT2,IT_3,Fall,10cm,1.199675051
Inlet,IT2,IT_3,Fall,10cm,1.20976433
Inlet,IT2,IT_3,Fall,10cm,1.184243296
Inlet,IT2,IT_3,Fall,10cm,1.210628808
Inlet,IT2,IT_3,Fall,10cm,1.194510163
Inlet,IT2,IT_3,Fall,10cm,1.181826449
Inlet,IT2,IT_3,Fall,10cm,1.221868878
Inlet,IT2,IT_3,Fall,10cm,1.239036045
Inlet,IT2,IT_3,Fall,10cm,1.290937037
Inlet,IT2,IT_3,Fall,10cm,1.313719186
Inlet,IT2,IT_3,Fall,10cm,1.317470627
Inlet,IT2,IT_3,Fall,10cm,1.278621201
Inlet,IT2,IT_3,Fall,10cm,1.318075379
Inlet,IT2,IT_3,Fall,10cm,1.412843958
Inlet,IT2,IT_3,Fall,10cm,1.32510125
Inlet,IT2,IT_3,Fall,10cm,1.328184695
Inlet,IT2,IT_3,Fall,10cm,1.234346811
Inlet,IT2,IT_3,Fall,10cm,1.303536029
Inlet,IT2,IT_3,Fall,10cm,1.282008342
Inlet,IT2,IT_3,Fall,10cm,1.245629656
Inlet,IT2,IT_3,Fall,10cm,1.277308185
Inlet,IT2,IT_3,Fall,10cm,1.194966802
Inlet,IT2,IT_3,Fall,10cm,1.20765752
Inlet,IT2,IT_3,Fall,10cm,1.2059636
Inlet,IT2,IT_3,Fall,10cm,1.299179488
Inlet,IT2,IT_3,Fall,10cm,1.364601618
Inlet,IT2,IT_3,Fall,10cm,1.466807698
Inlet,IT2,IT_3,Fall,10cm,1.405382342
Inlet,IT2,IT_3,Fall,10cm,1.3949357
Inlet,IT2,IT_3,Spring ,10cm,1.109046924
Inlet,IT2,IT_3,Spring ,10cm,1.172309527
Inlet,IT2,IT_3,Spring ,10cm,1.167317279
Inlet,IT2,IT_3,Spring ,10cm,1.157554935
Inlet,IT2,IT_3,Spring ,10cm,1.193228589
Inlet,IT2,IT_3,Spring ,10cm,1.220205514
Inlet,IT2,IT_3,Spring ,10cm,1.18449523
Inlet,IT2,IT_3,Spring ,10cm,1.153915124
Inlet,IT2,IT_3,Spring ,10cm,1.190426232
Inlet,IT2,IT_3,Spring ,10cm,1.193605539
Inlet,IT2,IT_3,Spring ,10cm,1.248889335
Inlet,IT2,IT_3,Spring ,10cm,1.218492207
Inlet,IT2,IT_3,Spring ,10cm,1.248917144
Inlet,IT2,IT_3,Spring ,10cm,1.149691152
Inlet,IT2,IT_3,Spring ,10cm,1.202970854
Inlet,IT2,IT_3,Spring ,10cm,1.259948215
Inlet,IT2,IT_3,Spring ,10cm,1.207158432
Inlet,IT2,IT_3,Spring ,10cm,1.180985449
Inlet,IT2,IT_3,Spring ,10cm,1.31507884
Inlet,IT2,IT_3,Spring ,10cm,1.169639485
Inlet,IT2,IT_3,Spring ,10cm,1.131205877
Inlet,IT2,IT_3,Spring ,10cm,1.176907066
Inlet,IT2,IT_3,Spring ,10cm,1.13124961
Inlet,IT2,IT_3,Spring ,10cm,1.144953393
Inlet,IT2,IT_3,Spring ,10cm,1.182042012
Inlet,IT2,IT_3,Spring ,10cm,1.216848628
Inlet,IT2,IT_3,Spring ,10cm,1.202611823
Inlet,IT2,IT_3,Spring ,10cm,1.201408121
Inlet,IT2,IT_3,Spring ,10cm,1.207131012
Inlet,IT2,IT_3,Spring ,10cm,1.186837167
Inlet,IT2,IT_3,Spring ,10cm,1.183274308
Inlet,IT2,IT_3,Spring ,10cm,1.241666954
Inlet,IT2,IT_3,Spring ,10cm,1.311396904
Inlet,IT2,IT_3,Spring ,10cm,1.252602192
Inlet,IT2,IT_3,Spring ,10cm,1.286018912
Inlet,IT2,IT_3,Spring ,10cm,1.298305208
Inlet,IT2,IT_3,Spring ,10cm,1.251148074
Inlet,IT2,IT_3,Spring ,10cm,1.197124685
Inlet,IT2,IT_3,Spring ,10cm,1.285883595
Inlet,IT2,IT_3,Spring ,10cm,1.232714296
Inlet,IT2,IT_3,Spring ,10cm,1.150007766
Inlet,IT2,IT_3,Spring ,10cm,1.21444008
Inlet,IT2,IT_3,Spring ,10cm,1.195193818
Inlet,IT2,IT_3,Spring ,10cm,1.168016892
Inlet,IT2,IT_3,Spring ,10cm,1.177195667
Inlet,IT2,IT_3,Spring ,10cm,1.159628279
Inlet,IT2,IT_3,Spring ,10cm,1.12026199
Inlet,IT2,IT_3,Spring ,10cm,1.166945953
Inlet,IT2,IT_3,Spring ,10cm,1.153632733
Inlet,IT2,IT_3,Spring ,10cm,1.152046019
Inlet,IT2,IT_3,Spring ,10cm,1.145779099
Inlet,IT2,IT_3,Spring ,10cm,1.192433959
Inlet,IT2,IT_3,Spring ,10cm,1.216914199
Inlet,IT2,IT_3,Spring ,10cm,1.136462141
Inlet,IT2,IT_3,Spring ,10cm,1.151667395
Inlet,IT2,IT_3,Spring ,10cm,1.195426014
Inlet,IT2,IT_3,Spring ,10cm,1.229990343
Inlet,IT2,IT_3,Spring ,10cm,1.258354803
Inlet,IT2,IT_3,Spring ,10cm,1.295627347
Inlet,IT2,IT_3,Spring ,10cm,1.204930973
Inlet,IT2,IT_3,Spring ,10cm,1.305900782
Inlet,IT2,IT_3,Spring ,10cm,1.374873947
Inlet,IT2,IT_3,Spring ,10cm,1.333035263
Inlet,IT2,IT_3,Spring ,10cm,1.277313555
Inlet,IT2,IT_3,Spring ,10cm,1.230724304
Inlet,IT2,IT_3,Spring ,10cm,1.239803194
Inlet,IT2,IT_3,Spring ,10cm,1.258700839
Inlet,IT2,IT_3,Spring ,10cm,1.261953874
Inlet,IT2,IT_3,Spring ,10cm,1.197525037
Inlet,IT2,IT_3,Spring ,10cm,1.290500694
Inlet,IT2,IT_3,Spring ,10cm,1.237849388
Inlet,IT2,IT_3,Spring ,10cm,1.172633812
Inlet,IT2,IT_3,Spring ,10cm,1.175778341
Inlet,IT2,IT_3,Spring ,10cm,1.256311034
Inlet,IT2,IT_3,Spring ,10cm,1.257342738
Inlet,IT2,IT_3,Spring ,10cm,1.23384989
Inlet,IT2,IT_3,Spring ,10cm,1.226815459
Inlet,IT2,IT_3,Spring ,10cm,1.225860808
Inlet,IT2,IT_3,Spring ,10cm,1.223610881
Inlet,IT2,IT_3,Spring ,10cm,1.363976267
Inlet,IT2,IT_3,Spring ,10cm,1.313168
Inlet,IT2,IT_3,Spring ,10cm,1.354122415
Inlet,IT2,IT_3,Spring ,10cm,1.335938348
Inlet,IT2,IT_3,Spring ,10cm,1.334122847
Inlet,IT2,IT_3,Spring ,10cm,1.457737958
Inlet,IT2,IT_3,Spring ,10cm,1.485986846
Inlet,IT2,IT_3,Spring ,10cm,1.355199662
Inlet,IT2,IT_3,Spring ,10cm,1.257191418
Inlet,IT2,IT_3,Spring ,10cm,1.257775894
Inlet,IT2,IT_3,Spring ,10cm,1.345088972
Inlet,IT2,IT_3,Spring ,10cm,1.343325128
Inlet,IT2,IT_3,Spring ,10cm,1.361251247
Inlet,IT2,IT_3,Spring ,10cm,1.229086617
Inlet,IT2,IT_3,Spring ,10cm,1.233441516
Inlet,IT2,IT_3,Spring ,10cm,1.272550235
Inlet,IT2,IT_3,Spring ,10cm,1.302147118
Inlet,IT2,IT_3,Spring ,10cm,1.348403667
Inlet,IT2,IT_3,Spring ,10cm,1.4225973
Inlet,IT2,IT_3,Spring ,10cm,1.37703872
Inlet,IT2,IT_3,Spring ,10cm,1.42022528
Inlet,IT3,IT_1,Fall,10cm,1.209462326
Inlet,IT3,IT_1,Fall,10cm,1.187594218
Inlet,IT3,IT_1,Fall,10cm,1.167202126
Inlet,IT3,IT_1,Fall,10cm,1.14157512
Inlet,IT3,IT_1,Fall,10cm,1.131507893
Inlet,IT3,IT_1,Fall,10cm,1.141237125
Inlet,IT3,IT_1,Fall,10cm,1.130502221
Inlet,IT3,IT_1,Fall,10cm,1.176751924
Inlet,IT3,IT_1,Fall,10cm,1.145783159
Inlet,IT3,IT_1,Fall,10cm,1.187472673
Inlet,IT3,IT_1,Fall,10cm,1.192205683
Inlet,IT3,IT_1,Fall,10cm,1.248612698
Inlet,IT3,IT_1,Fall,10cm,1.301553607
Inlet,IT3,IT_1,Fall,10cm,1.228369914
Inlet,IT3,IT_1,Fall,10cm,1.230869764
Inlet,IT3,IT_1,Fall,10cm,1.234877655
Inlet,IT3,IT_1,Fall,10cm,1.215210954
Inlet,IT3,IT_1,Fall,10cm,1.387916004
Inlet,IT3,IT_1,Fall,10cm,1.260481909
Inlet,IT3,IT_1,Fall,10cm,1.238973912
Inlet,IT3,IT_1,Fall,10cm,1.263429998
Inlet,IT3,IT_1,Fall,10cm,1.22342357
Inlet,IT3,IT_1,Fall,10cm,1.222479894
Inlet,IT3,IT_1,Fall,10cm,1.278266366
Inlet,IT3,IT_1,Fall,10cm,1.312773304
Inlet,IT3,IT_1,Fall,10cm,1.277648783
Inlet,IT3,IT_1,Fall,10cm,1.365207972
Inlet,IT3,IT_1,Fall,10cm,1.34122359
Inlet,IT3,IT_1,Fall,10cm,1.482891636
Inlet,IT3,IT_1,Fall,10cm,1.391623763
Inlet,IT3,IT_1,Fall,10cm,1.370671842
Inlet,IT3,IT_1,Fall,10cm,1.624626759
Inlet,IT3,IT_1,Fall,10cm,1.349973182
Inlet,IT3,IT_1,Fall,10cm,1.359979618
Inlet,IT3,IT_1,Fall,10cm,1.369818695
Inlet,IT3,IT_1,Fall,10cm,1.313412752
Inlet,IT3,IT_1,Fall,10cm,1.272491363
Inlet,IT3,IT_1,Fall,10cm,1.238859631
Inlet,IT3,IT_1,Fall,10cm,1.253264675
Inlet,IT3,IT_1,Fall,10cm,1.240766674
Inlet,IT3,IT_1,Fall,10cm,1.297035068
Inlet,IT3,IT_1,Fall,10cm,1.408461294
Inlet,IT3,IT_1,Fall,10cm,1.328394003
Inlet,IT3,IT_1,Fall,10cm,1.325303573
Inlet,IT3,IT_1,Fall,10cm,1.381715222
Inlet,IT3,IT_1,Fall,10cm,1.169894075
Inlet,IT3,IT_1,Fall,10cm,1.215122652
Inlet,IT3,IT_1,Fall,10cm,1.198863893
Inlet,IT3,IT_1,Fall,10cm,1.152968062
Inlet,IT3,IT_1,Fall,10cm,1.116734629
Inlet,IT3,IT_1,Fall,10cm,1.215446609
Inlet,IT3,IT_1,Fall,10cm,1.242236958
Inlet,IT3,IT_1,Fall,10cm,1.222214
Inlet,IT3,IT_1,Fall,10cm,1.165354565
Inlet,IT3,IT_1,Fall,10cm,1.245135191
Inlet,IT3,IT_1,Fall,10cm,1.254891547
Inlet,IT3,IT_1,Fall,10cm,1.241642177
Inlet,IT3,IT_1,Fall,10cm,1.27817698
Inlet,IT3,IT_1,Fall,10cm,1.330869203
Inlet,IT3,IT_1,Fall,10cm,1.377863861
Inlet,IT3,IT_1,Fall,10cm,1.318259556
Inlet,IT3,IT_1,Fall,10cm,1.357112559
Inlet,IT3,IT_1,Fall,10cm,1.369962589
Inlet,IT3,IT_1,Fall,10cm,1.352494979
Inlet,IT3,IT_1,Fall,10cm,1.288191354
Inlet,IT3,IT_1,Fall,10cm,1.346746545
Inlet,IT3,IT_1,Fall,10cm,1.2937855
Inlet,IT3,IT_1,Fall,10cm,1.333433598
Inlet,IT3,IT_1,Fall,10cm,1.350804194
Inlet,IT3,IT_1,Fall,10cm,1.251615334
Inlet,IT3,IT_1,Fall,10cm,1.354310577
Inlet,IT3,IT_1,Fall,10cm,1.290727883
Inlet,IT3,IT_1,Fall,10cm,1.354114424
Inlet,IT3,IT_1,Fall,10cm,1.296791207
Inlet,IT3,IT_1,Fall,10cm,1.345134952
Inlet,IT3,IT_1,Fall,10cm,1.392124126
Inlet,IT3,IT_1,Fall,10cm,1.282252207
Inlet,IT3,IT_1,Fall,10cm,1.277660695
Inlet,IT3,IT_1,Fall,10cm,1.328248941
Inlet,IT3,IT_1,Fall,10cm,1.363140997
Inlet,IT3,IT_1,Fall,10cm,1.311678695
Inlet,IT3,IT_1,Fall,10cm,1.383546921
Inlet,IT3,IT_1,Fall,10cm,1.338718332
Inlet,IT3,IT_1,Fall,10cm,1.266874786
Inlet,IT3,IT_1,Fall,10cm,1.399199939
Inlet,IT3,IT_1,Fall,10cm,1.297231762
Inlet,IT3,IT_1,Fall,10cm,1.234111246
Inlet,IT3,IT_1,Fall,10cm,1.237437109
Inlet,IT3,IT_1,Fall,10cm,1.187316684
Inlet,IT3,IT_1,Fall,10cm,1.166206718
Inlet,IT3,IT_1,Fall,10cm,1.152820828
Inlet,IT3,IT_1,Fall,10cm,1.219405728
Inlet,IT3,IT_1,Fall,10cm,1.225418952
Inlet,IT3,IT_1,Fall,10cm,1.290635029
Inlet,IT3,IT_1,Fall,10cm,1.140006485
Inlet,IT3,IT_1,Fall,10cm,1.162793514
Inlet,IT3,IT_1,Fall,10cm,1.127815516
Inlet,IT3,IT_1,Fall,10cm,1.248475229
Inlet,IT3,IT_1,Fall,10cm,1.199281022
Inlet,IT3,IT_1,Fall,10cm,1.244224308
Inlet,IT3,IT_1,Spring,10cm,1.230135686
Inlet,IT3,IT_1,Spring,10cm,1.178015805
Inlet,IT3,IT_1,Spring,10cm,1.14668352
Inlet,IT3,IT_1,Spring,10cm,1.139777164
Inlet,IT3,IT_1,Spring,10cm,1.219117485
Inlet,IT3,IT_1,Spring,10cm,1.116043452
Inlet,IT3,IT_1,Spring,10cm,1.146671924
Inlet,IT3,IT_1,Spring,10cm,1.164590439
Inlet,IT3,IT_1,Spring,10cm,1.127173714
Inlet,IT3,IT_1,Spring,10cm,1.154333612
Inlet,IT3,IT_1,Spring,10cm,1.194682416
Inlet,IT3,IT_1,Spring,10cm,1.265839058
Inlet,IT3,IT_1,Spring,10cm,1.266596574
Inlet,IT3,IT_1,Spring,10cm,1.286836816
Inlet,IT3,IT_1,Spring,10cm,1.282180029
Inlet,IT3,IT_1,Spring,10cm,1.201915107
Inlet,IT3,IT_1,Spring,10cm,1.169690062
Inlet,IT3,IT_1,Spring,10cm,1.326300611
Inlet,IT3,IT_1,Spring,10cm,1.275536855
Inlet,IT3,IT_1,Spring,10cm,1.2534829
Inlet,IT3,IT_1,Spring,10cm,1.260679737
Inlet,IT3,IT_1,Spring,10cm,1.214806777
Inlet,IT3,IT_1,Spring,10cm,1.233513949
Inlet,IT3,IT_1,Spring,10cm,1.228708394
Inlet,IT3,IT_1,Spring,10cm,1.286235393
Inlet,IT3,IT_1,Spring,10cm,1.256093595
Inlet,IT3,IT_1,Spring,10cm,1.252648891
Inlet,IT3,IT_1,Spring,10cm,1.280355212
Inlet,IT3,IT_1,Spring,10cm,1.304515802
Inlet,IT3,IT_1,Spring,10cm,1.420765323
Inlet,IT3,IT_1,Spring,10cm,1.361954965
Inlet,IT3,IT_1,Spring,10cm,1.698760068
Inlet,IT3,IT_1,Spring,10cm,1.348748838
Inlet,IT3,IT_1,Spring,10cm,1.403925952
Inlet,IT3,IT_1,Spring,10cm,1.38146612
Inlet,IT3,IT_1,Spring,10cm,1.300856709
Inlet,IT3,IT_1,Spring,10cm,1.239615184
Inlet,IT3,IT_1,Spring,10cm,1.268186526
Inlet,IT3,IT_1,Spring,10cm,1.228840301
Inlet,IT3,IT_1,Spring,10cm,1.296331706
Inlet,IT3,IT_1,Spring,10cm,1.292364017
Inlet,IT3,IT_1,Spring,10cm,1.401835815
Inlet,IT3,IT_1,Spring,10cm,1.388831557
Inlet,IT3,IT_1,Spring,10cm,1.372325643
Inlet,IT3,IT_1,Spring,10cm,1.424985129
Inlet,IT3,IT_1,Spring,10cm,1.183160289
Inlet,IT3,IT_1,Spring,10cm,1.261574634
Inlet,IT3,IT_1,Spring,10cm,1.197131029
Inlet,IT3,IT_1,Spring,10cm,1.160904565
Inlet,IT3,IT_1,Spring,10cm,1.172217164
Inlet,IT3,IT_1,Spring,10cm,1.198952374
Inlet,IT3,IT_1,Spring,10cm,1.27399656
Inlet,IT3,IT_1,Spring,10cm,1.253110847
Inlet,IT3,IT_1,Spring,10cm,1.234737487
Inlet,IT3,IT_1,Spring,10cm,1.276176977
Inlet,IT3,IT_1,Spring,10cm,1.259636886
Inlet,IT3,IT_1,Spring,10cm,1.265845145
Inlet,IT3,IT_1,Spring,10cm,1.29617985
Inlet,IT3,IT_1,Spring,10cm,1.37797691
Inlet,IT3,IT_1,Spring,10cm,1.422927514
Inlet,IT3,IT_1,Spring,10cm,1.398275611
Inlet,IT3,IT_1,Spring,10cm,1.355702795
Inlet,IT3,IT_1,Spring,10cm,1.305400076
Inlet,IT3,IT_1,Spring,10cm,1.344914571
Inlet,IT3,IT_1,Spring,10cm,1.310148006
Inlet,IT3,IT_1,Spring,10cm,1.31140599
Inlet,IT3,IT_1,Spring,10cm,1.286278269
Inlet,IT3,IT_1,Spring,10cm,1.300861371
Inlet,IT3,IT_1,Spring,10cm,1.353407093
Inlet,IT3,IT_1,Spring,10cm,1.332100189
Inlet,IT3,IT_1,Spring,10cm,1.346024982
Inlet,IT3,IT_1,Spring,10cm,1.366148972
Inlet,IT3,IT_1,Spring,10cm,1.395434096
Inlet,IT3,IT_1,Spring,10cm,1.39468774
Inlet,IT3,IT_1,Spring,10cm,1.414655654
Inlet,IT3,IT_1,Spring,10cm,1.46137284
Inlet,IT3,IT_1,Spring,10cm,1.331332571
Inlet,IT3,IT_1,Spring,10cm,1.27055166
Inlet,IT3,IT_1,Spring,10cm,1.304355541
Inlet,IT3,IT_1,Spring,10cm,1.33632906
Inlet,IT3,IT_1,Spring,10cm,1.281188558
Inlet,IT3,IT_1,Spring,10cm,1.338395185
Inlet,IT3,IT_1,Spring,10cm,1.306702394
Inlet,IT3,IT_1,Spring,10cm,1.387258049
Inlet,IT3,IT_1,Spring,10cm,1.503029205
Inlet,IT3,IT_1,Spring,10cm,1.361056068
Inlet,IT3,IT_1,Spring,10cm,1.244894069
Inlet,IT3,IT_1,Spring,10cm,1.232449193
Inlet,IT3,IT_1,Spring,10cm,1.237829901
Inlet,IT3,IT_1,Spring,10cm,1.164047733
Inlet,IT3,IT_1,Spring,10cm,1.183158977
Inlet,IT3,IT_1,Spring,10cm,1.208830902
Inlet,IT3,IT_1,Spring,10cm,1.242959121
Inlet,IT3,IT_1,Spring,10cm,1.242400999
Inlet,IT3,IT_1,Spring,10cm,1.177701081
Inlet,IT3,IT_1,Spring,10cm,1.164852068
Inlet,IT3,IT_1,Spring,10cm,1.152047757
Inlet,IT3,IT_1,Spring,10cm,1.144531991
Inlet,IT3,IT_1,Spring,10cm,1.14022434
Inlet,IT3,IT_1,Spring,10cm,1.174793894
Haikou,HK1,HK_1,Fall ,10cm,1.130034873
Haikou,HK1,HK_1,Fall ,10cm,1.148535344
Haikou,HK1,HK_1,Fall ,10cm,1.217782545
Haikou,HK1,HK_1,Fall ,10cm,1.193540076
Haikou,HK1,HK_1,Fall ,10cm,1.197426131
Haikou,HK1,HK_1,Fall ,10cm,1.217233457
Haikou,HK1,HK_1,Fall ,10cm,1.207030427
Haikou,HK1,HK_1,Fall ,10cm,1.117582975
Haikou,HK1,HK_1,Fall ,10cm,1.095065232
Haikou,HK1,HK_1,Fall ,10cm,1.123537164
Haikou,HK1,HK_1,Fall ,10cm,1.146704605
Haikou,HK1,HK_1,Fall ,10cm,1.129381279
Haikou,HK1,HK_1,Fall ,10cm,1.100782723
Haikou,HK1,HK_1,Fall ,10cm,1.096707988
Haikou,HK1,HK_1,Fall ,10cm,1.185256381
Haikou,HK1,HK_1,Fall ,10cm,1.200787788
Haikou,HK1,HK_1,Fall ,10cm,1.152481883
Haikou,HK1,HK_1,Fall ,10cm,1.170689982
Haikou,HK1,HK_1,Fall ,10cm,1.175854508
Haikou,HK1,HK_1,Fall ,10cm,1.181873763
Haikou,HK1,HK_1,Fall ,10cm,1.202648292
Haikou,HK1,HK_1,Fall ,10cm,1.149654527
Haikou,HK1,HK_1,Fall ,10cm,1.199432161
Haikou,HK1,HK_1,Fall ,10cm,1.184592113
Haikou,HK1,HK_1,Fall ,10cm,1.18771241
Haikou,HK1,HK_1,Fall ,10cm,1.208953161
Haikou,HK1,HK_1,Fall ,10cm,1.203430307
Haikou,HK1,HK_1,Fall ,10cm,1.185264625
Haikou,HK1,HK_1,Fall ,10cm,1.16437622
Haikou,HK1,HK_1,Fall ,10cm,1.158326721
Haikou,HK1,HK_1,Fall ,10cm,1.163773483
Haikou,HK1,HK_1,Fall ,10cm,1.139762516
Haikou,HK1,HK_1,Fall ,10cm,1.143849507
Haikou,HK1,HK_1,Fall ,10cm,1.128620155
Haikou,HK1,HK_1,Fall ,10cm,1.15712992
Haikou,HK1,HK_1,Fall ,10cm,1.192752851
Haikou,HK1,HK_1,Fall ,10cm,1.178624038
Haikou,HK1,HK_1,Fall ,10cm,1.203569207
Haikou,HK1,HK_1,Fall ,10cm,1.116030737
Haikou,HK1,HK_1,Fall ,10cm,1.124642539
Haikou,HK1,HK_1,Fall ,10cm,1.129548862
Haikou,HK1,HK_1,Fall ,10cm,1.144658309
Haikou,HK1,HK_1,Fall ,10cm,1.146465546
Haikou,HK1,HK_1,Fall ,10cm,1.140614166
Haikou,HK1,HK_1,Fall ,10cm,1.116972362
Haikou,HK1,HK_1,Fall ,10cm,1.131186806
Haikou,HK1,HK_1,Fall ,10cm,1.163348604
Haikou,HK1,HK_1,Fall ,10cm,1.150563196
Haikou,HK1,HK_1,Fall ,10cm,1.118274719
Haikou,HK1,HK_1,Fall ,10cm,1.110289524
Haikou,HK1,HK_1,Fall ,10cm,1.116552021
Haikou,HK1,HK_1,Fall ,10cm,1.109591712
Haikou,HK1,HK_1,Fall ,10cm,1.137083834
Haikou,HK1,HK_1,Fall ,10cm,1.140979505
Haikou,HK1,HK_1,Fall ,10cm,1.199736101
Haikou,HK1,HK_1,Fall ,10cm,1.214195445
Haikou,HK1,HK_1,Fall ,10cm,1.154387263
Haikou,HK1,HK_1,Fall ,10cm,1.208380515
Haikou,HK1,HK_1,Fall ,10cm,1.171593515
Haikou,HK1,HK_1,Fall ,10cm,1.224926919
Haikou,HK1,HK_1,Fall ,10cm,1.192771915
Haikou,HK1,HK_1,Fall ,10cm,1.205374062
Haikou,HK1,HK_1,Fall ,10cm,1.189491379
Haikou,HK1,HK_1,Fall ,10cm,1.195482544
Haikou,HK1,HK_1,Fall ,10cm,1.192667362
Haikou,HK1,HK_1,Fall ,10cm,1.14720187
Haikou,HK1,HK_1,Fall ,10cm,1.158203489
Haikou,HK1,HK_1,Fall ,10cm,1.136172858
Haikou,HK1,HK_1,Fall ,10cm,1.137189556
Haikou,HK1,HK_1,Fall ,10cm,1.174164057
Haikou,HK1,HK_1,Fall ,10cm,1.23001929
Haikou,HK1,HK_1,Fall ,10cm,1.218872024
Haikou,HK1,HK_1,Fall ,10cm,1.238491286
Haikou,HK1,HK_1,Fall ,10cm,1.20999293
Haikou,HK1,HK_1,Fall ,10cm,1.196953835
Haikou,HK1,HK_1,Fall ,10cm,1.142624155
Haikou,HK1,HK_1,Fall ,10cm,1.174677212
Haikou,HK1,HK_1,Fall ,10cm,1.11465115
Haikou,HK1,HK_1,Fall ,10cm,1.160824829
Haikou,HK1,HK_1,Fall ,10cm,1.153553415
Haikou,HK1,HK_1,Fall ,10cm,1.130539718
Haikou,HK1,HK_1,Fall ,10cm,1.136168803
Haikou,HK1,HK_1,Fall ,10cm,1.146514189
Haikou,HK1,HK_1,Fall ,10cm,1.126760288
Haikou,HK1,HK_1,Fall ,10cm,1.140336954
Haikou,HK1,HK_1,Fall ,10cm,1.127349287
Haikou,HK1,HK_1,Fall ,10cm,1.168914895
Haikou,HK1,HK_1,Fall ,10cm,1.155826666
Haikou,HK1,HK_1,Fall ,10cm,1.159864617
Haikou,HK1,HK_1,Fall ,10cm,1.121966665
Haikou,HK1,HK_1,Fall ,10cm,1.14515098
Haikou,HK1,HK_1,Fall ,10cm,1.208179567
Haikou,HK1,HK_1,Fall ,10cm,1.170719872
Haikou,HK1,HK_1,Fall ,10cm,1.150401594
Haikou,HK1,HK_1,Fall ,10cm,1.143296154
Haikou,HK1,HK_1,Fall ,10cm,1.197314535
Haikou,HK1,HK_1,Fall ,10cm,1.207405823
Haikou,HK1,HK_1,Fall ,10cm,1.236008207
Haikou,HK1,HK_1,Fall ,10cm,1.258068012
Haikou,HK1,HK_1,Fall ,10cm,1.245585037
Haikou,HK1,HK_1,Spring,10cm,1.156672365
Haikou,HK1,HK_1,Spring,10cm,1.160839547
Haikou,HK1,HK_1,Spring,10cm,1.210075283
Haikou,HK1,HK_1,Spring,10cm,1.216192741
Haikou,HK1,HK_1,Spring,10cm,1.199773284
Haikou,HK1,HK_1,Spring,10cm,1.193080554
Haikou,HK1,HK_1,Spring,10cm,1.167838734
Haikou,HK1,HK_1,Spring,10cm,1.162490924
Haikou,HK1,HK_1,Spring,10cm,1.102588843
Haikou,HK1,HK_1,Spring,10cm,1.126806802
Haikou,HK1,HK_1,Spring,10cm,1.11687898
Haikou,HK1,HK_1,Spring,10cm,1.142788648
Haikou,HK1,HK_1,Spring,10cm,1.108997737
Haikou,HK1,HK_1,Spring,10cm,1.088486847
Haikou,HK1,HK_1,Spring,10cm,1.161659683
Haikou,HK1,HK_1,Spring,10cm,1.17920344
Haikou,HK1,HK_1,Spring,10cm,1.166978223
Haikou,HK1,HK_1,Spring,10cm,1.143516553
Haikou,HK1,HK_1,Spring,10cm,1.179677402
Haikou,HK1,HK_1,Spring,10cm,1.170094802
Haikou,HK1,HK_1,Spring,10cm,1.169224335
Haikou,HK1,HK_1,Spring,10cm,1.169367362
Haikou,HK1,HK_1,Spring,10cm,1.176332068
Haikou,HK1,HK_1,Spring,10cm,1.198391277
Haikou,HK1,HK_1,Spring,10cm,1.197962086
Haikou,HK1,HK_1,Spring,10cm,1.197168499
Haikou,HK1,HK_1,Spring,10cm,1.151270821
Haikou,HK1,HK_1,Spring,10cm,1.156612847
Haikou,HK1,HK_1,Spring,10cm,1.176728707
Haikou,HK1,HK_1,Spring,10cm,1.150542618
Haikou,HK1,HK_1,Spring,10cm,1.163487023
Haikou,HK1,HK_1,Spring,10cm,1.1601947
Haikou,HK1,HK_1,Spring,10cm,1.127299185
Haikou,HK1,HK_1,Spring,10cm,1.117487781
Haikou,HK1,HK_1,Spring,10cm,1.120410876
Haikou,HK1,HK_1,Spring,10cm,1.141433126
Haikou,HK1,HK_1,Spring,10cm,1.17270197
Haikou,HK1,HK_1,Spring,10cm,1.180076135
Haikou,HK1,HK_1,Spring,10cm,1.118836964
Haikou,HK1,HK_1,Spring,10cm,1.140802269
Haikou,HK1,HK_1,Spring,10cm,1.126418543
Haikou,HK1,HK_1,Spring,10cm,1.139169624
Haikou,HK1,HK_1,Spring,10cm,1.152175657
Haikou,HK1,HK_1,Spring,10cm,1.132091772
Haikou,HK1,HK_1,Spring,10cm,1.123927968
Haikou,HK1,HK_1,Spring,10cm,1.114334032
Haikou,HK1,HK_1,Spring,10cm,1.139869115
Haikou,HK1,HK_1,Spring,10cm,1.158899243
Haikou,HK1,HK_1,Spring,10cm,1.135059478
Haikou,HK1,HK_1,Spring,10cm,1.105635342
Haikou,HK1,HK_1,Spring,10cm,1.106475093
Haikou,HK1,HK_1,Spring,10cm,1.123587469
Haikou,HK1,HK_1,Spring,10cm,1.120490839
Haikou,HK1,HK_1,Spring,10cm,1.13916037
Haikou,HK1,HK_1,Spring,10cm,1.210167921
Haikou,HK1,HK_1,Spring,10cm,1.165631101
Haikou,HK1,HK_1,Spring,10cm,1.148073152
Haikou,HK1,HK_1,Spring,10cm,1.184888711
Haikou,HK1,HK_1,Spring,10cm,1.178889968
Haikou,HK1,HK_1,Spring,10cm,1.168172398
Haikou,HK1,HK_1,Spring,10cm,1.183777146
Haikou,HK1,HK_1,Spring,10cm,1.180058858
Haikou,HK1,HK_1,Spring,10cm,1.185016963
Haikou,HK1,HK_1,Spring,10cm,1.187237396
Haikou,HK1,HK_1,Spring,10cm,1.164046337
Haikou,HK1,HK_1,Spring,10cm,1.170703877
Haikou,HK1,HK_1,Spring,10cm,1.144362265
Haikou,HK1,HK_1,Spring,10cm,1.137889733
Haikou,HK1,HK_1,Spring,10cm,1.1456321
Haikou,HK1,HK_1,Spring,10cm,1.171633
Haikou,HK1,HK_1,Spring,10cm,1.179517213
Haikou,HK1,HK_1,Spring,10cm,1.210857777
Haikou,HK1,HK_1,Spring,10cm,1.239841346
Haikou,HK1,HK_1,Spring,10cm,1.217967843
Haikou,HK1,HK_1,Spring,10cm,1.182807137
Haikou,HK1,HK_1,Spring,10cm,1.141890044
Haikou,HK1,HK_1,Spring,10cm,1.173429548
Haikou,HK1,HK_1,Spring,10cm,1.163398315
Haikou,HK1,HK_1,Spring,10cm,1.107470803
Haikou,HK1,HK_1,Spring,10cm,1.136061722
Haikou,HK1,HK_1,Spring,10cm,1.118719471
Haikou,HK1,HK_1,Spring,10cm,1.131268339
Haikou,HK1,HK_1,Spring,10cm,1.127605948
Haikou,HK1,HK_1,Spring,10cm,1.133473786
Haikou,HK1,HK_1,Spring,10cm,1.132913386
Haikou,HK1,HK_1,Spring,10cm,1.121371506
Haikou,HK1,HK_1,Spring,10cm,1.152270424
Haikou,HK1,HK_1,Spring,10cm,1.158325266
Haikou,HK1,HK_1,Spring,10cm,1.166551122
Haikou,HK1,HK_1,Spring,10cm,1.144287965
Haikou,HK1,HK_1,Spring,10cm,1.129185084
Haikou,HK1,HK_1,Spring,10cm,1.18669163
Haikou,HK1,HK_1,Spring,10cm,1.173420638
Haikou,HK1,HK_1,Spring,10cm,1.162249268
Haikou,HK1,HK_1,Spring,10cm,1.136292485
Haikou,HK1,HK_1,Spring,10cm,1.177476368
Haikou,HK1,HK_1,Spring,10cm,1.176633689
Haikou,HK1,HK_1,Spring,10cm,1.175130456
Haikou,HK1,HK_1,Spring,10cm,1.240185241
Haikou,HK1,HK_1,Spring,10cm,1.217218719
Haikou,HK2,HK_2,Fall ,10cm,1.137216531
Haikou,HK2,HK_2,Fall ,10cm,1.132455702
Haikou,HK2,HK_2,Fall ,10cm,1.143547096
Haikou,HK2,HK_2,Fall ,10cm,1.142598228
Haikou,HK2,HK_2,Fall ,10cm,1.131089597
Haikou,HK2,HK_2,Fall ,10cm,1.154293723
Haikou,HK2,HK_2,Fall ,10cm,1.152618823
Haikou,HK2,HK_2,Fall ,10cm,1.158016248
Haikou,HK2,HK_2,Fall ,10cm,1.169311764
Haikou,HK2,HK_2,Fall ,10cm,1.21260614
Haikou,HK2,HK_2,Fall ,10cm,1.176937766
Haikou,HK2,HK_2,Fall ,10cm,1.195264673
Haikou,HK2,HK_2,Fall ,10cm,1.193037402
Haikou,HK2,HK_2,Fall ,10cm,1.231047213
Haikou,HK2,HK_2,Fall ,10cm,1.258416453
Haikou,HK2,HK_2,Fall ,10cm,1.216912166
Haikou,HK2,HK_2,Fall ,10cm,1.213614151
Haikou,HK2,HK_2,Fall ,10cm,1.205804965
Haikou,HK2,HK_2,Fall ,10cm,1.189642861
Haikou,HK2,HK_2,Fall ,10cm,1.195993876
Haikou,HK2,HK_2,Fall ,10cm,1.194896778
Haikou,HK2,HK_2,Fall ,10cm,1.185728202
Haikou,HK2,HK_2,Fall ,10cm,1.105073195
Haikou,HK2,HK_2,Fall ,10cm,1.116904046
Haikou,HK2,HK_2,Fall ,10cm,1.116771301
Haikou,HK2,HK_2,Fall ,10cm,1.118461871
Haikou,HK2,HK_2,Fall ,10cm,1.110402107
Haikou,HK2,HK_2,Fall ,10cm,1.110503958
Haikou,HK2,HK_2,Fall ,10cm,1.119185187
Haikou,HK2,HK_2,Fall ,10cm,1.071818123
Haikou,HK2,HK_2,Fall ,10cm,1.107406635
Haikou,HK2,HK_2,Fall ,10cm,1.087762421
Haikou,HK2,HK_2,Fall ,10cm,1.090157515
Haikou,HK2,HK_2,Fall ,10cm,1.071171882
Haikou,HK2,HK_2,Fall ,10cm,1.060405683
Haikou,HK2,HK_2,Fall ,10cm,1.078156533
Haikou,HK2,HK_2,Fall ,10cm,1.091984764
Haikou,HK2,HK_2,Fall ,10cm,1.122948065
Haikou,HK2,HK_2,Fall ,10cm,1.114632708
Haikou,HK2,HK_2,Fall ,10cm,1.098538552
Haikou,HK2,HK_2,Fall ,10cm,1.147467822
Haikou,HK2,HK_2,Fall ,10cm,1.154411032
Haikou,HK2,HK_2,Fall ,10cm,1.116492797
Haikou,HK2,HK_2,Fall ,10cm,1.146965431
Haikou,HK2,HK_2,Fall ,10cm,1.147047941
Haikou,HK2,HK_2,Fall ,10cm,1.124315595
Haikou,HK2,HK_2,Fall ,10cm,1.129862353
Haikou,HK2,HK_2,Fall ,10cm,1.143037589
Haikou,HK2,HK_2,Fall ,10cm,1.137386412
Haikou,HK2,HK_2,Fall ,10cm,1.100966306
Haikou,HK2,HK_2,Fall ,10cm,1.117606525
Haikou,HK2,HK_2,Fall ,10cm,1.103591287
Haikou,HK2,HK_2,Fall ,10cm,1.113337159
Haikou,HK2,HK_2,Fall ,10cm,1.149278852
Haikou,HK2,HK_2,Fall ,10cm,1.142695561
Haikou,HK2,HK_2,Fall ,10cm,1.108460403
Haikou,HK2,HK_2,Fall ,10cm,1.113854672
Haikou,HK2,HK_2,Fall ,10cm,1.115152957
Haikou,HK2,HK_2,Fall ,10cm,1.083252938
Haikou,HK2,HK_2,Fall ,10cm,1.162342195
Haikou,HK2,HK_2,Fall ,10cm,1.212204324
Haikou,HK2,HK_2,Fall ,10cm,1.21896667
Haikou,HK2,HK_2,Fall ,10cm,1.219981633
Haikou,HK2,HK_2,Fall ,10cm,1.253187753
Haikou,HK2,HK_2,Fall ,10cm,1.3442553
Haikou,HK2,HK_2,Fall ,10cm,1.318320365
Haikou,HK2,HK_2,Fall ,10cm,1.260955693
Haikou,HK2,HK_2,Fall ,10cm,1.336189192
Haikou,HK2,HK_2,Fall ,10cm,1.430645143
Haikou,HK2,HK_2,Fall ,10cm,1.432598346
Haikou,HK2,HK_2,Fall ,10cm,1.255714756
Haikou,HK2,HK_2,Fall ,10cm,1.270525194
Haikou,HK2,HK_2,Fall ,10cm,1.24555419
Haikou,HK2,HK_2,Fall ,10cm,1.235064088
Haikou,HK2,HK_2,Fall ,10cm,1.158830714
Haikou,HK2,HK_2,Fall ,10cm,1.139228462
Haikou,HK2,HK_2,Fall ,10cm,1.152145628
Haikou,HK2,HK_2,Fall ,10cm,1.170157493
Haikou,HK2,HK_2,Fall ,10cm,1.148706392
Haikou,HK2,HK_2,Fall ,10cm,1.173463734
Haikou,HK2,HK_2,Fall ,10cm,1.217143241
Haikou,HK2,HK_2,Fall ,10cm,1.198807002
Haikou,HK2,HK_2,Fall ,10cm,1.206007401
Haikou,HK2,HK_2,Fall ,10cm,1.215752795
Haikou,HK2,HK_2,Fall ,10cm,1.154129558
Haikou,HK2,HK_2,Fall ,10cm,1.143925642
Haikou,HK2,HK_2,Fall ,10cm,1.222018636
Haikou,HK2,HK_2,Fall ,10cm,1.198514356
Haikou,HK2,HK_2,Fall ,10cm,1.167231264
Haikou,HK2,HK_2,Fall ,10cm,1.186347957
Haikou,HK2,HK_2,Fall ,10cm,1.142345127
Haikou,HK2,HK_2,Fall ,10cm,1.20209179
Haikou,HK2,HK_2,Fall ,10cm,1.182480956
Haikou,HK2,HK_2,Fall ,10cm,1.173411192
Haikou,HK2,HK_2,Fall ,10cm,1.157854414
Haikou,HK2,HK_2,Fall ,10cm,1.14885482
Haikou,HK2,HK_2,Fall ,10cm,1.133482619
Haikou,HK2,HK_2,Fall ,10cm,1.144943736
Haikou,HK2,HK_2,Fall ,10cm,1.155048066
Haikou,HK2,HK_2,Fall ,10cm,1.175447253
Haikou,HK2,HK_2,Spring,10cm,1.384893239
Haikou,HK2,HK_2,Spring,10cm,1.13629218
Haikou,HK2,HK_2,Spring,10cm,1.138352888
Haikou,HK2,HK_2,Spring,10cm,1.141021827
Haikou,HK2,HK_2,Spring,10cm,1.147683383
Haikou,HK2,HK_2,Spring,10cm,1.164038926
Haikou,HK2,HK_2,Spring,10cm,1.124877553
Haikou,HK2,HK_2,Spring,10cm,1.141103081
Haikou,HK2,HK_2,Spring,10cm,1.157542194
Haikou,HK2,HK_2,Spring,10cm,1.191376709
Haikou,HK2,HK_2,Spring,10cm,1.158519338
Haikou,HK2,HK_2,Spring,10cm,1.206140407
Haikou,HK2,HK_2,Spring,10cm,1.184255609
Haikou,HK2,HK_2,Spring,10cm,1.252115842
Haikou,HK2,HK_2,Spring,10cm,1.232062796
Haikou,HK2,HK_2,Spring,10cm,1.218686766
Haikou,HK2,HK_2,Spring,10cm,1.193535144
Haikou,HK2,HK_2,Spring,10cm,1.194117551
Haikou,HK2,HK_2,Spring,10cm,1.203807486
Haikou,HK2,HK_2,Spring,10cm,1.199685247
Haikou,HK2,HK_2,Spring,10cm,1.20417765
Haikou,HK2,HK_2,Spring,10cm,1.187229271
Haikou,HK2,HK_2,Spring,10cm,1.106136005
Haikou,HK2,HK_2,Spring,10cm,1.119939392
Haikou,HK2,HK_2,Spring,10cm,1.089647212
Haikou,HK2,HK_2,Spring,10cm,1.101995003
Haikou,HK2,HK_2,Spring,10cm,1.091645816
Haikou,HK2,HK_2,Spring,10cm,1.123952084
Haikou,HK2,HK_2,Spring,10cm,1.12170933
Haikou,HK2,HK_2,Spring,10cm,1.073649766
Haikou,HK2,HK_2,Spring,10cm,1.095201623
Haikou,HK2,HK_2,Spring,10cm,1.073902666
Haikou,HK2,HK_2,Spring,10cm,1.085127003
Haikou,HK2,HK_2,Spring,10cm,1.08422509
Haikou,HK2,HK_2,Spring,10cm,1.086830008
Haikou,HK2,HK_2,Spring,10cm,1.102845391
Haikou,HK2,HK_2,Spring,10cm,1.095931469
Haikou,HK2,HK_2,Spring,10cm,1.11174491
Haikou,HK2,HK_2,Spring,10cm,1.115786666
Haikou,HK2,HK_2,Spring,10cm,1.096913237
Haikou,HK2,HK_2,Spring,10cm,1.094658574
Haikou,HK2,HK_2,Spring,10cm,1.142721018
Haikou,HK2,HK_2,Spring,10cm,1.115257663
Haikou,HK2,HK_2,Spring,10cm,1.137036467
Haikou,HK2,HK_2,Spring,10cm,1.145682717
Haikou,HK2,HK_2,Spring,10cm,1.145623693
Haikou,HK2,HK_2,Spring,10cm,1.14178199
Haikou,HK2,HK_2,Spring,10cm,1.137091918
Haikou,HK2,HK_2,Spring,10cm,1.130713375
Haikou,HK2,HK_2,Spring,10cm,1.121953634
Haikou,HK2,HK_2,Spring,10cm,1.149249226
Haikou,HK2,HK_2,Spring,10cm,1.106265153
Haikou,HK2,HK_2,Spring,10cm,1.097939383
Haikou,HK2,HK_2,Spring,10cm,1.146274718
Haikou,HK2,HK_2,Spring,10cm,1.154485493
Haikou,HK2,HK_2,Spring,10cm,1.085803583
Haikou,HK2,HK_2,Spring,10cm,1.119712222
Haikou,HK2,HK_2,Spring,10cm,1.104174696
Haikou,HK2,HK_2,Spring,10cm,1.076018102
Haikou,HK2,HK_2,Spring,10cm,1.125820312
Haikou,HK2,HK_2,Spring,10cm,1.159269902
Haikou,HK2,HK_2,Spring,10cm,1.208884031
Haikou,HK2,HK_2,Spring,10cm,1.209507496
Haikou,HK2,HK_2,Spring,10cm,1.250741658
Haikou,HK2,HK_2,Spring,10cm,1.298944381
Haikou,HK2,HK_2,Spring,10cm,1.254822506
Haikou,HK2,HK_2,Spring,10cm,1.244418801
Haikou,HK2,HK_2,Spring,10cm,1.331696507
Haikou,HK2,HK_2,Spring,10cm,1.387638393
Haikou,HK2,HK_2,Spring,10cm,1.391595015
Haikou,HK2,HK_2,Spring,10cm,1.224274261
Haikou,HK2,HK_2,Spring,10cm,1.212421901
Haikou,HK2,HK_2,Spring,10cm,1.200794883
Haikou,HK2,HK_2,Spring,10cm,1.218964057
Haikou,HK2,HK_2,Spring,10cm,1.145963507
Haikou,HK2,HK_2,Spring,10cm,1.143506929
Haikou,HK2,HK_2,Spring,10cm,1.163346516
Haikou,HK2,HK_2,Spring,10cm,1.161154181
Haikou,HK2,HK_2,Spring,10cm,1.190707897
Haikou,HK2,HK_2,Spring,10cm,1.185270042
Haikou,HK2,HK_2,Spring,10cm,1.246401887
Haikou,HK2,HK_2,Spring,10cm,1.213743241
Haikou,HK2,HK_2,Spring,10cm,1.204116965
Haikou,HK2,HK_2,Spring,10cm,1.249399
Haikou,HK2,HK_2,Spring,10cm,1.184619751
Haikou,HK2,HK_2,Spring,10cm,1.18913503
Haikou,HK2,HK_2,Spring,10cm,1.214651789
Haikou,HK2,HK_2,Spring,10cm,1.1914376
Haikou,HK2,HK_2,Spring,10cm,1.19836898
Haikou,HK2,HK_2,Spring,10cm,1.144397422
Haikou,HK2,HK_2,Spring,10cm,1.192539492
Haikou,HK2,HK_2,Spring,10cm,1.203637025
Haikou,HK2,HK_2,Spring,10cm,1.21051188
Haikou,HK2,HK_2,Spring,10cm,1.150881663
Haikou,HK2,HK_2,Spring,10cm,1.163593716
Haikou,HK2,HK_2,Spring,10cm,1.175906671
Haikou,HK2,HK_2,Spring,10cm,1.16625449
Haikou,HK2,HK_2,Spring,10cm,1.168744974
Haikou,HK2,HK_2,Spring,10cm,1.173448439
Haikou,HK2,HK_2,Spring,10cm,1.185267482
Haikou,HK3,HK_3,Fall ,10cm,1.164067662
Haikou,HK3,HK_3,Fall ,10cm,1.172769329
Haikou,HK3,HK_3,Fall ,10cm,1.277767699
Haikou,HK3,HK_3,Fall ,10cm,1.317253215
Haikou,HK3,HK_3,Fall ,10cm,1.321495923
Haikou,HK3,HK_3,Fall ,10cm,1.321908445
Haikou,HK3,HK_3,Fall ,10cm,1.320111887
Haikou,HK3,HK_3,Fall ,10cm,1.29212624
Haikou,HK3,HK_3,Fall ,10cm,1.294699227
Haikou,HK3,HK_3,Fall ,10cm,1.532100036
Haikou,HK3,HK_3,Fall ,10cm,1.30387564
Haikou,HK3,HK_3,Fall ,10cm,1.317984
Haikou,HK3,HK_3,Fall ,10cm,1.147320073
Haikou,HK3,HK_3,Fall ,10cm,1.155113756
Haikou,HK3,HK_3,Fall ,10cm,1.169154587
Haikou,HK3,HK_3,Fall ,10cm,1.200007918
Haikou,HK3,HK_3,Fall ,10cm,1.189543794
Haikou,HK3,HK_3,Fall ,10cm,1.151969889
Haikou,HK3,HK_3,Fall ,10cm,1.175956242
Haikou,HK3,HK_3,Fall ,10cm,1.170258691
Haikou,HK3,HK_3,Fall ,10cm,1.190401173
Haikou,HK3,HK_3,Fall ,10cm,1.16671249
Haikou,HK3,HK_3,Fall ,10cm,1.202171514
Haikou,HK3,HK_3,Fall ,10cm,1.181604896
Haikou,HK3,HK_3,Fall ,10cm,1.176370066
Haikou,HK3,HK_3,Fall ,10cm,1.179009285
Haikou,HK3,HK_3,Fall ,10cm,1.134522015
Haikou,HK3,HK_3,Fall ,10cm,1.164650044
Haikou,HK3,HK_3,Fall ,10cm,1.208167007
Haikou,HK3,HK_3,Fall ,10cm,1.18289897
Haikou,HK3,HK_3,Fall ,10cm,1.278152039
Haikou,HK3,HK_3,Fall ,10cm,1.364531087
Haikou,HK3,HK_3,Fall ,10cm,1.291178616
Haikou,HK3,HK_3,Fall ,10cm,1.286126653
Haikou,HK3,HK_3,Fall ,10cm,1.260157148
Haikou,HK3,HK_3,Fall ,10cm,1.277591322
Haikou,HK3,HK_3,Fall ,10cm,1.24991812
Haikou,HK3,HK_3,Fall ,10cm,1.302710632
Haikou,HK3,HK_3,Fall ,10cm,1.303281006
Haikou,HK3,HK_3,Fall ,10cm,1.376353017
Haikou,HK3,HK_3,Fall ,10cm,1.389708286
Haikou,HK3,HK_3,Fall ,10cm,1.42258971
Haikou,HK3,HK_3,Fall ,10cm,1.476575907
Haikou,HK3,HK_3,Fall ,10cm,1.315431686
Haikou,HK3,HK_3,Fall ,10cm,1.312374473
Haikou,HK3,HK_3,Fall ,10cm,1.326650843
Haikou,HK3,HK_3,Fall ,10cm,1.294941363
Haikou,HK3,HK_3,Fall ,10cm,1.327364821
Haikou,HK3,HK_3,Fall ,10cm,1.233318382
Haikou,HK3,HK_3,Fall ,10cm,1.352464779
Haikou,HK3,HK_3,Fall ,10cm,1.379443618
Haikou,HK3,HK_3,Fall ,10cm,1.404081684
Haikou,HK3,HK_3,Fall ,10cm,1.449500592
Haikou,HK3,HK_3,Fall ,10cm,1.447219211
Haikou,HK3,HK_3,Fall ,10cm,1.453825421
Haikou,HK3,HK_3,Fall ,10cm,1.44978046
Haikou,HK3,HK_3,Fall ,10cm,1.472522586
Haikou,HK3,HK_3,Fall ,10cm,1.430672502
Haikou,HK3,HK_3,Fall ,10cm,1.438387482
Haikou,HK3,HK_3,Fall ,10cm,1.437843162
Haikou,HK3,HK_3,Fall ,10cm,1.500989729
Haikou,HK3,HK_3,Fall ,10cm,1.564302009
Haikou,HK3,HK_3,Fall ,10cm,1.532210793
Haikou,HK3,HK_3,Fall ,10cm,1.599518564
Haikou,HK3,HK_3,Fall ,10cm,1.690766025
Haikou,HK3,HK_3,Fall ,10cm,1.681421697
Haikou,HK3,HK_3,Fall ,10cm,1.603744231
Haikou,HK3,HK_3,Fall ,10cm,1.606017104
Haikou,HK3,HK_3,Fall ,10cm,1.606322949
Haikou,HK3,HK_3,Fall ,10cm,1.802642163
Haikou,HK3,HK_3,Fall ,10cm,1.644935806
Haikou,HK3,HK_3,Fall ,10cm,1.953291572
Haikou,HK3,HK_3,Fall ,10cm,1.741848984
Haikou,HK3,HK_3,Fall ,10cm,1.754125404
Haikou,HK3,HK_3,Fall ,10cm,1.839894427
Haikou,HK3,HK_3,Fall ,10cm,1.810727883
Haikou,HK3,HK_3,Fall ,10cm,1.722499853
Haikou,HK3,HK_3,Fall ,10cm,1.92676606
Haikou,HK3,HK_3,Fall ,10cm,1.810429922
Haikou,HK3,HK_3,Fall ,10cm,1.726417231
Haikou,HK3,HK_3,Fall ,10cm,1.782418301
Haikou,HK3,HK_3,Fall ,10cm,1.753243973
Haikou,HK3,HK_3,Fall ,10cm,1.752279175
Haikou,HK3,HK_3,Fall ,10cm,1.761672553
Haikou,HK3,HK_3,Fall ,10cm,1.569364526
Haikou,HK3,HK_3,Fall ,10cm,1.531023481
Haikou,HK3,HK_3,Fall ,10cm,1.698507271
Haikou,HK3,HK_3,Fall ,10cm,1.679731789
Haikou,HK3,HK_3,Fall ,10cm,1.68410459
Haikou,HK3,HK_3,Fall ,10cm,1.744113558
Haikou,HK3,HK_3,Fall ,10cm,1.725988512
Haikou,HK3,HK_3,Fall ,10cm,1.720802819
Haikou,HK3,HK_3,Fall ,10cm,1.714233965
Haikou,HK3,HK_3,Fall ,10cm,1.77926431
Haikou,HK3,HK_3,Fall ,10cm,1.837255338
Haikou,HK3,HK_3,Fall ,10cm,1.847074118
Haikou,HK3,HK_3,Fall ,10cm,1.815035906
Haikou,HK3,HK_3,Fall ,10cm,1.779330749
Haikou,HK3,HK_3,Fall ,10cm,1.741997147
Haikou,HK3,HK_3,Fall ,10cm,1.632841731
Haikou,HK3,HK_3,Spring,10cm,1.15570639
Haikou,HK3,HK_3,Spring,10cm,1.175344317
Haikou,HK3,HK_3,Spring,10cm,1.287638837
Haikou,HK3,HK_3,Spring,10cm,1.335137221
Haikou,HK3,HK_3,Spring,10cm,1.266952459
Haikou,HK3,HK_3,Spring,10cm,1.251049174
Haikou,HK3,HK_3,Spring,10cm,1.285632356
Haikou,HK3,HK_3,Spring,10cm,1.289562367
Haikou,HK3,HK_3,Spring,10cm,1.294741194
Haikou,HK3,HK_3,Spring,10cm,1.532987287
Haikou,HK3,HK_3,Spring,10cm,1.399673089
Haikou,HK3,HK_3,Spring,10cm,1.188060931
Haikou,HK3,HK_3,Spring,10cm,1.219254933
Haikou,HK3,HK_3,Spring,10cm,1.18303601
Haikou,HK3,HK_3,Spring,10cm,1.092358458
Haikou,HK3,HK_3,Spring,10cm,1.116570826
Haikou,HK3,HK_3,Spring,10cm,1.147780368
Haikou,HK3,HK_3,Spring,10cm,1.131658524
Haikou,HK3,HK_3,Spring,10cm,1.158041385
Haikou,HK3,HK_3,Spring,10cm,1.186745439
Haikou,HK3,HK_3,Spring,10cm,1.136705995
Haikou,HK3,HK_3,Spring,10cm,1.114189912
Haikou,HK3,HK_3,Spring,10cm,1.152777601
Haikou,HK3,HK_3,Spring,10cm,1.131392662
Haikou,HK3,HK_3,Spring,10cm,1.149448312
Haikou,HK3,HK_3,Spring,10cm,1.158332902
Haikou,HK3,HK_3,Spring,10cm,1.13510935
Haikou,HK3,HK_3,Spring,10cm,1.116694307
Haikou,HK3,HK_3,Spring,10cm,1.205567334
Haikou,HK3,HK_3,Spring,10cm,1.155046619
Haikou,HK3,HK_3,Spring,10cm,1.148360321
Haikou,HK3,HK_3,Spring,10cm,1.32450809
Haikou,HK3,HK_3,Spring,10cm,1.284318778
Haikou,HK3,HK_3,Spring,10cm,1.275824244
Haikou,HK3,HK_3,Spring,10cm,1.266561339
Haikou,HK3,HK_3,Spring,10cm,1.287364506
Haikou,HK3,HK_3,Spring,10cm,1.284987881
Haikou,HK3,HK_3,Spring,10cm,1.313843369
Haikou,HK3,HK_3,Spring,10cm,1.361750918
Haikou,HK3,HK_3,Spring,10cm,1.379321729
Haikou,HK3,HK_3,Spring,10cm,1.362188175
Haikou,HK3,HK_3,Spring,10cm,1.401427452
Haikou,HK3,HK_3,Spring,10cm,1.497531465
Haikou,HK3,HK_3,Spring,10cm,1.368366921
Haikou,HK3,HK_3,Spring,10cm,1.39231114
Haikou,HK3,HK_3,Spring,10cm,1.383389061
Haikou,HK3,HK_3,Spring,10cm,1.303812353
Haikou,HK3,HK_3,Spring,10cm,1.372059377
Haikou,HK3,HK_3,Spring,10cm,1.365464615
Haikou,HK3,HK_3,Spring,10cm,1.359323065
Haikou,HK3,HK_3,Spring,10cm,1.411866393
Haikou,HK3,HK_3,Spring,10cm,1.410069515
Haikou,HK3,HK_3,Spring,10cm,1.428312824
Haikou,HK3,HK_3,Spring,10cm,1.427659094
Haikou,HK3,HK_3,Spring,10cm,1.444781923
Haikou,HK3,HK_3,Spring,10cm,1.467060068
Haikou,HK3,HK_3,Spring,10cm,1.468433897
Haikou,HK3,HK_3,Spring,10cm,1.469303333
Haikou,HK3,HK_3,Spring,10cm,1.482890393
Haikou,HK3,HK_3,Spring,10cm,1.472758642
Haikou,HK3,HK_3,Spring,10cm,1.531121669
Haikou,HK3,HK_3,Spring,10cm,1.595744024
Haikou,HK3,HK_3,Spring,10cm,1.534574037
Haikou,HK3,HK_3,Spring,10cm,1.5790487
Haikou,HK3,HK_3,Spring,10cm,1.70370836
Haikou,HK3,HK_3,Spring,10cm,1.737151163
Haikou,HK3,HK_3,Spring,10cm,1.622667545
Haikou,HK3,HK_3,Spring,10cm,1.673615475
Haikou,HK3,HK_3,Spring,10cm,1.731177259
Haikou,HK3,HK_3,Spring,10cm,1.656691411
Haikou,HK3,HK_3,Spring,10cm,1.6477908
Haikou,HK3,HK_3,Spring,10cm,1.976155418
Haikou,HK3,HK_3,Spring,10cm,1.77986603
Haikou,HK3,HK_3,Spring,10cm,1.976388162
Haikou,HK3,HK_3,Spring,10cm,1.989391933
Haikou,HK3,HK_3,Spring,10cm,2.091538498
Haikou,HK3,HK_3,Spring,10cm,1.926691459
Haikou,HK3,HK_3,Spring,10cm,1.916701438
Haikou,HK3,HK_3,Spring,10cm,1.861682766
Haikou,HK3,HK_3,Spring,10cm,1.746795457
Haikou,HK3,HK_3,Spring,10cm,1.800807569
Haikou,HK3,HK_3,Spring,10cm,1.773635723
Haikou,HK3,HK_3,Spring,10cm,1.736762826
Haikou,HK3,HK_3,Spring,10cm,1.734229988
Haikou,HK3,HK_3,Spring,10cm,1.729296024
Haikou,HK3,HK_3,Spring,10cm,1.684782712
Haikou,HK3,HK_3,Spring,10cm,1.648864862
Haikou,HK3,HK_3,Spring,10cm,1.653041839
Haikou,HK3,HK_3,Spring,10cm,1.637214758
Haikou,HK3,HK_3,Spring,10cm,1.688195109
Haikou,HK3,HK_3,Spring,10cm,1.699791535
Haikou,HK3,HK_3,Spring,10cm,1.705508308
Haikou,HK3,HK_3,Spring,10cm,1.656163681
Haikou,HK3,HK_3,Spring,10cm,1.748025397
Haikou,HK3,HK_3,Spring,10cm,1.742867619
Haikou,HK3,HK_3,Spring,10cm,1.743357625
Haikou,HK3,HK_3,Spring,10cm,1.798086101
Haikou,HK3,HK_3,Spring,10cm,1.731594795
Haikou,HK3,HK_3,Spring,10cm,1.667509646
Haikou,HK3,HK_3,Spring,10cm,1.590944764
